Job,Arrival,Deadline,Machine,Start,Processing Time,End,Tardiness
Job_068,4210.59,7587.222817692682,M1,7663.78,91,7754.78,1173.857182307318
Job_068,4210.59,7587.222817692682,M0,7754.78,85,7839.78,1173.857182307318
Job_068,4210.59,7587.222817692682,M3,7992.78,39,8031.78,1173.857182307318
Job_068,4210.59,7587.222817692682,M2,8031.78,74,8105.78,1173.857182307318
Job_068,4210.59,7587.222817692682,M8,8472.02,90,8562.02,1173.857182307318
Job_068,4210.59,7587.222817692682,M5,8562.02,10,8572.02,1173.857182307318
Job_068,4210.59,7587.222817692682,M7,8582.08,12,8594.08,1173.857182307318
Job_068,4210.59,7587.222817692682,M6,8594.08,89,8683.08,1173.857182307318
Job_068,4210.59,7587.222817692682,M9,8683.08,45,8728.08,1173.857182307318
Job_068,4210.59,7587.222817692682,M4,8728.08,33,8761.08,1173.857182307318
Job_067,4110.12,7141.955804618429,M0,7629.78,43,7672.78,1578.1241953815706
Job_067,4110.12,7141.955804618429,M2,7672.78,90,7762.78,1578.1241953815706
Job_067,4110.12,7141.955804618429,M4,8067.72,75,8142.72,1578.1241953815706
Job_067,4110.12,7141.955804618429,M9,8142.72,11,8153.72,1578.1241953815706
Job_067,4110.12,7141.955804618429,M3,8388.9,69,8457.9,1578.1241953815706
Job_067,4110.12,7141.955804618429,M1,8457.9,28,8485.9,1578.1241953815706
Job_067,4110.12,7141.955804618429,M6,8526.08,46,8572.08,1578.1241953815706
Job_067,4110.12,7141.955804618429,M5,8572.08,46,8618.08,1578.1241953815706
Job_067,4110.12,7141.955804618429,M7,8618.08,72,8690.08,1578.1241953815706
Job_067,4110.12,7141.955804618429,M8,8690.08,30,8720.08,1578.1241953815706
Job_066,4061.64,6409.82655455741,M0,7556.72,29,7585.72,2237.19344544259
Job_066,4061.64,6409.82655455741,M1,7585.72,78,7663.72,2237.19344544259
Job_066,4061.64,6409.82655455741,M2,7663.72,9,7672.72,2237.19344544259
Job_066,4061.64,6409.82655455741,M3,7737.54,36,7773.54,2237.19344544259
Job_066,4061.64,6409.82655455741,M4,7998.78,49,8047.78,2237.19344544259
Job_066,4061.64,6409.82655455741,M5,8047.78,11,8058.78,2237.19344544259
Job_066,4061.64,6409.82655455741,M6,8464.02,62,8526.02,2237.19344544259
Job_066,4061.64,6409.82655455741,M7,8526.02,56,8582.02,2237.19344544259
Job_066,4061.64,6409.82655455741,M8,8582.02,44,8626.02,2237.19344544259
Job_066,4061.64,6409.82655455741,M9,8626.02,21,8647.02,2237.19344544259
Job_065,3907.0,7111.234311155556,M2,7422.66,31,7453.66,1277.6056888444446
Job_065,3907.0,7111.234311155556,M0,7453.66,86,7539.66,1277.6056888444446
Job_065,3907.0,7111.234311155556,M1,7539.66,46,7585.66,1277.6056888444446
Job_065,3907.0,7111.234311155556,M5,7819.54,74,7893.54,1277.6056888444446
Job_065,3907.0,7111.234311155556,M4,7966.72,32,7998.72,1277.6056888444446
Job_065,3907.0,7111.234311155556,M6,7998.72,88,8086.72,1277.6056888444446
Job_065,3907.0,7111.234311155556,M8,8086.72,19,8105.72,1277.6056888444446
Job_065,3907.0,7111.234311155556,M9,8225.84,48,8273.84,1277.6056888444446
Job_065,3907.0,7111.234311155556,M7,8273.84,36,8309.84,1277.6056888444446
Job_065,3907.0,7111.234311155556,M3,8309.84,79,8388.84,1277.6056888444446
Job_064,3749.15,6085.447002382437,M2,7324.54,14,7338.54,2313.4529976175627
Job_064,3749.15,6085.447002382437,M0,7447.6,6,7453.6,2313.4529976175627
Job_064,3749.15,6085.447002382437,M1,7453.6,22,7475.6,2313.4529976175627
Job_064,3749.15,6085.447002382437,M5,7758.48,61,7819.48,2313.4529976175627
Job_064,3749.15,6085.447002382437,M3,7871.66,26,7897.66,2313.4529976175627
Job_064,3749.15,6085.447002382437,M4,7897.66,69,7966.66,2313.4529976175627
Job_064,3749.15,6085.447002382437,M8,8153.84,21,8174.84,2313.4529976175627
Job_064,3749.15,6085.447002382437,M7,8174.84,49,8223.84,2313.4529976175627
Job_064,3749.15,6085.447002382437,M9,8273.9,72,8345.9,2313.4529976175627
Job_064,3749.15,6085.447002382437,M6,8345.9,53,8398.9,2313.4529976175627
Job_063,3678.47,6627.078939393609,M2,7338.6,84,7422.6,1867.8810606063898
Job_063,3678.47,6627.078939393609,M1,7423.48,2,7425.48,1867.8810606063898
Job_063,3678.47,6627.078939393609,M5,7447.48,52,7499.48,1867.8810606063898
Job_063,3678.47,6627.078939393609,M3,7897.72,95,7992.72,1867.8810606063898
Job_063,3678.47,6627.078939393609,M8,8105.78,48,8153.78,1867.8810606063898
Job_063,3678.47,6627.078939393609,M9,8153.78,72,8225.78,1867.8810606063898
Job_063,3678.47,6627.078939393609,M0,8225.78,47,8272.78,1867.8810606063898
Job_063,3678.47,6627.078939393609,M6,8398.96,65,8463.96,1867.8810606063898
Job_063,3678.47,6627.078939393609,M4,8463.96,6,8469.96,1867.8810606063898
Job_063,3678.47,6627.078939393609,M7,8469.96,25,8494.96,1867.8810606063898
Job_062,3659.36,6869.5390872430435,M1,7165.48,85,7250.48,1002.9409127569561
Job_062,3659.36,6869.5390872430435,M0,7250.48,13,7263.48,1002.9409127569561
Job_062,3659.36,6869.5390872430435,M2,7263.48,61,7324.48,1002.9409127569561
Job_062,3659.36,6869.5390872430435,M6,7446.48,7,7453.48,1002.9409127569561
Job_062,3659.36,6869.5390872430435,M8,7498.48,64,7562.48,1002.9409127569561
Job_062,3659.36,6869.5390872430435,M9,7562.48,76,7638.48,1002.9409127569561
Job_062,3659.36,6869.5390872430435,M5,7638.48,47,7685.48,1002.9409127569561
Job_062,3659.36,6869.5390872430435,M3,7685.48,52,7737.48,1002.9409127569561
Job_062,3659.36,6869.5390872430435,M4,7737.48,90,7827.48,1002.9409127569561
Job_062,3659.36,6869.5390872430435,M7,7827.48,45,7872.48,1002.9409127569561
Job_061,3590.5,6622.335804618429,M0,6406.82,43,6449.82,1063.1441953815702
Job_061,3590.5,6622.335804618429,M2,7153.48,90,7243.48,1063.1441953815702
Job_061,3590.5,6622.335804618429,M4,7243.48,75,7318.48,1063.1441953815702
Job_061,3590.5,6622.335804618429,M9,7318.48,11,7329.48,1063.1441953815702
Job_061,3590.5,6622.335804618429,M3,7329.48,69,7398.48,1063.1441953815702
Job_061,3590.5,6622.335804618429,M1,7425.54,28,7453.54,1063.1441953815702
Job_061,3590.5,6622.335804618429,M6,7453.54,46,7499.54,1063.1441953815702
Job_061,3590.5,6622.335804618429,M5,7499.54,46,7545.54,1063.1441953815702
Job_061,3590.5,6622.335804618429,M7,7583.48,72,7655.48,1063.1441953815702
Job_061,3590.5,6622.335804618429,M8,7655.48,30,7685.48,1063.1441953815702
Job_060,3567.7,7461.528337304061,M1,6543.0,81,6624.0,475.07166269593927
Job_060,3567.7,7461.528337304061,M2,6624.0,95,6719.0,475.07166269593927
Job_060,3567.7,7461.528337304061,M0,6719.0,71,6790.0,475.07166269593927
Job_060,3567.7,7461.528337304061,M4,7318.54,99,7417.54,475.07166269593927
Job_060,3567.7,7461.528337304061,M6,7437.42,9,7446.42,475.07166269593927
Job_060,3567.7,7461.528337304061,M8,7446.42,52,7498.42,475.07166269593927
Job_060,3567.7,7461.528337304061,M7,7498.42,85,7583.42,475.07166269593927
Job_060,3567.7,7461.528337304061,M3,7773.6,98,7871.6,475.07166269593927
Job_060,3567.7,7461.528337304061,M9,7871.6,22,7893.6,475.07166269593927
Job_060,3567.7,7461.528337304061,M5,7893.6,43,7936.6,475.07166269593927
Job_059,3565.32,6941.9528176926815,M1,6373.88,91,6464.88,573.4071823073182
Job_059,3565.32,6941.9528176926815,M0,6486.94,85,6571.94,573.4071823073182
Job_059,3565.32,6941.9528176926815,M3,6922.12,39,6961.12,573.4071823073182
Job_059,3565.32,6941.9528176926815,M2,6961.12,74,7035.12,573.4071823073182
Job_059,3565.32,6941.9528176926815,M8,7236.36,90,7326.36,573.4071823073182
Job_059,3565.32,6941.9528176926815,M5,7326.36,10,7336.36,573.4071823073182
Job_059,3565.32,6941.9528176926815,M7,7336.36,12,7348.36,573.4071823073182
Job_059,3565.32,6941.9528176926815,M6,7348.36,89,7437.36,573.4071823073182
Job_059,3565.32,6941.9528176926815,M9,7437.36,45,7482.36,573.4071823073182
Job_059,3565.32,6941.9528176926815,M4,7482.36,33,7515.36,573.4071823073182
Job_058,3527.75,5875.936554557411,M0,6377.76,29,6406.76,1515.483445442589
Job_058,3527.75,5875.936554557411,M1,6464.94,78,6542.94,1515.483445442589
Job_058,3527.75,5875.936554557411,M2,6804.12,9,6813.12,1515.483445442589
Job_058,3527.75,5875.936554557411,M3,6961.18,36,6997.18,1515.483445442589
Job_058,3527.75,5875.936554557411,M4,6997.18,49,7046.18,1515.483445442589
Job_058,3527.75,5875.936554557411,M5,7046.18,11,7057.18,1515.483445442589
Job_058,3527.75,5875.936554557411,M6,7057.18,62,7119.18,1515.483445442589
Job_058,3527.75,5875.936554557411,M7,7181.3,56,7237.3,1515.483445442589
Job_058,3527.75,5875.936554557411,M8,7326.42,44,7370.42,1515.483445442589
Job_058,3527.75,5875.936554557411,M9,7370.42,21,7391.42,1515.483445442589
Job_057,3518.78,5991.80685239464,M1,6258.76,46,6304.76,1251.6131476053597
Job_057,3518.78,5991.80685239464,M0,6449.88,37,6486.88,1251.6131476053597
Job_057,3518.78,5991.80685239464,M3,6486.88,61,6547.88,1251.6131476053597
Job_057,3518.78,5991.80685239464,M2,6603.94,13,6616.94,1251.6131476053597
Job_057,3518.78,5991.80685239464,M6,6623.0,32,6655.0,1251.6131476053597
Job_057,3518.78,5991.80685239464,M5,6794.12,21,6815.12,1251.6131476053597
Job_057,3518.78,5991.80685239464,M9,6815.12,32,6847.12,1251.6131476053597
Job_057,3518.78,5991.80685239464,M8,6880.18,89,6969.18,1251.6131476053597
Job_057,3518.78,5991.80685239464,M7,6969.18,30,6999.18,1251.6131476053597
Job_057,3518.78,5991.80685239464,M4,7188.42,55,7243.42,1251.6131476053597
Job_056,3462.94,7011.9713242298085,M0,6228.82,76,6304.82,432.5086757701911
Job_056,3462.94,7011.9713242298085,M1,6304.82,69,6373.82,432.5086757701911
Job_056,3462.94,7011.9713242298085,M3,6383.82,76,6459.82,432.5086757701911
Job_056,3462.94,7011.9713242298085,M5,6540.0,51,6591.0,432.5086757701911
Job_056,3462.94,7011.9713242298085,M2,6719.06,85,6804.06,432.5086757701911
Job_056,3462.94,7011.9713242298085,M9,6804.06,11,6815.06,432.5086757701911
Job_056,3462.94,7011.9713242298085,M6,6815.06,40,6855.06,432.5086757701911
Job_056,3462.94,7011.9713242298085,M7,6880.12,89,6969.12,432.5086757701911
Job_056,3462.94,7011.9713242298085,M4,7162.36,26,7188.36,432.5086757701911
Job_056,3462.94,7011.9713242298085,M8,7370.48,74,7444.48,432.5086757701911
Job_055,3409.4,6619.5790872430425,M1,6127.64,85,6212.64,561.6609127569573
Job_055,3409.4,6619.5790872430425,M0,6304.88,13,6317.88,561.6609127569573
Job_055,3409.4,6619.5790872430425,M2,6317.88,61,6378.88,561.6609127569573
Job_055,3409.4,6619.5790872430425,M6,6527.88,7,6534.88,561.6609127569573
Job_055,3409.4,6619.5790872430425,M8,6534.88,64,6598.88,561.6609127569573
Job_055,3409.4,6619.5790872430425,M9,6598.88,76,6674.88,561.6609127569573
Job_055,3409.4,6619.5790872430425,M5,6674.88,47,6721.88,561.6609127569573
Job_055,3409.4,6619.5790872430425,M3,6870.06,52,6922.06,561.6609127569573
Job_055,3409.4,6619.5790872430425,M4,7046.24,90,7136.24,561.6609127569573
Job_055,3409.4,6619.5790872430425,M7,7136.24,45,7181.24,561.6609127569573
Job_054,3307.52,6856.551324229808,M0,5982.58,76,6058.58,379.74867577019177
Job_054,3307.52,6856.551324229808,M1,6058.58,69,6127.58,379.74867577019177
Job_054,3307.52,6856.551324229808,M3,6307.76,76,6383.76,379.74867577019177
Job_054,3307.52,6856.551324229808,M5,6467.88,51,6518.88,379.74867577019177
Job_054,3307.52,6856.551324229808,M2,6518.88,85,6603.88,379.74867577019177
Job_054,3307.52,6856.551324229808,M9,6674.94,11,6685.94,379.74867577019177
Job_054,3307.52,6856.551324229808,M6,6685.94,40,6725.94,379.74867577019177
Job_054,3307.52,6856.551324229808,M7,6791.06,89,6880.06,379.74867577019177
Job_054,3307.52,6856.551324229808,M4,7136.3,26,7162.3,379.74867577019177
Job_054,3307.52,6856.551324229808,M8,7162.3,74,7236.3,379.74867577019177
Job_053,3289.92,6494.154311155556,M2,5897.52,31,5928.52,375.84568884444434
Job_053,3289.92,6494.154311155556,M0,6126.7,86,6212.7,375.84568884444434
Job_053,3289.92,6494.154311155556,M1,6212.7,46,6258.7,375.84568884444434
Job_053,3289.92,6494.154311155556,M5,6258.7,74,6332.7,375.84568884444434
Job_053,3289.92,6494.154311155556,M4,6448.76,32,6480.76,375.84568884444434
Job_053,3289.92,6494.154311155556,M6,6534.94,88,6622.94,375.84568884444434
Job_053,3289.92,6494.154311155556,M8,6688.0,19,6707.0,375.84568884444434
Job_053,3289.92,6494.154311155556,M9,6707.0,48,6755.0,375.84568884444434
Job_053,3289.92,6494.154311155556,M7,6755.0,36,6791.0,375.84568884444434
Job_053,3289.92,6494.154311155556,M3,6791.0,79,6870.0,375.84568884444434
Job_052,3269.61,5742.63685239464,M1,5899.52,46,5945.52,1030.3031476053593
Job_052,3269.61,5742.63685239464,M0,5945.52,37,5982.52,1030.3031476053593
Job_052,3269.61,5742.63685239464,M3,6148.64,61,6209.64,1030.3031476053593
Job_052,3269.61,5742.63685239464,M2,6209.64,13,6222.64,1030.3031476053593
Job_052,3269.61,5742.63685239464,M6,6442.76,32,6474.76,1030.3031476053593
Job_052,3269.61,5742.63685239464,M5,6518.94,21,6539.94,1030.3031476053593
Job_052,3269.61,5742.63685239464,M9,6539.94,32,6571.94,1030.3031476053593
Job_052,3269.61,5742.63685239464,M8,6598.94,89,6687.94,1030.3031476053593
Job_052,3269.61,5742.63685239464,M7,6687.94,30,6717.94,1030.3031476053593
Job_052,3269.61,5742.63685239464,M4,6717.94,55,6772.94,1030.3031476053593
Job_051,3196.0,6144.608939393609,M2,5813.46,84,5897.46,329.0910606063908
Job_051,3196.0,6144.608939393609,M1,5897.46,2,5899.46,329.0910606063908
Job_051,3196.0,6144.608939393609,M5,5932.46,52,5984.46,329.0910606063908
Job_051,3196.0,6144.608939393609,M3,6053.58,95,6148.58,329.0910606063908
Job_051,3196.0,6144.608939393609,M8,6163.7,48,6211.7,329.0910606063908
Job_051,3196.0,6144.608939393609,M9,6258.7,72,6330.7,329.0910606063908
Job_051,3196.0,6144.608939393609,M0,6330.7,47,6377.7,329.0910606063908
Job_051,3196.0,6144.608939393609,M6,6377.7,65,6442.7,329.0910606063908
Job_051,3196.0,6144.608939393609,M4,6442.7,6,6448.7,329.0910606063908
Job_051,3196.0,6144.608939393609,M7,6448.7,25,6473.7,329.0910606063908
Job_050,3116.45,5452.747002382437,M2,5725.34,14,5739.34,1075.0729976175626
Job_050,3116.45,5452.747002382437,M0,5739.34,6,5745.34,1075.0729976175626
Job_050,3116.45,5452.747002382437,M1,5745.34,22,5767.34,1075.0729976175626
Job_050,3116.45,5452.747002382437,M5,5871.4,61,5932.4,1075.0729976175626
Job_050,3116.45,5452.747002382437,M3,5932.4,26,5958.4,1075.0729976175626
Job_050,3116.45,5452.747002382437,M4,5958.4,69,6027.4,1075.0729976175626
Job_050,3116.45,5452.747002382437,M8,6142.64,21,6163.64,1075.0729976175626
Job_050,3116.45,5452.747002382437,M7,6209.76,49,6258.76,1075.0729976175626
Job_050,3116.45,5452.747002382437,M9,6330.76,72,6402.76,1075.0729976175626
Job_050,3116.45,5452.747002382437,M6,6474.82,53,6527.82,1075.0729976175626
Job_049,3072.34,6966.168337304061,M1,5388.1,81,5469.1,0.0
Job_049,3072.34,6966.168337304061,M2,5556.22,95,5651.22,0.0
Job_049,3072.34,6966.168337304061,M0,5745.4,71,5816.4,0.0
Job_049,3072.34,6966.168337304061,M4,5816.4,99,5915.4,0.0
Job_049,3072.34,6966.168337304061,M6,5915.4,9,5924.4,0.0
Job_049,3072.34,6966.168337304061,M8,5949.46,52,6001.46,0.0
Job_049,3072.34,6966.168337304061,M7,6124.7,85,6209.7,0.0
Job_049,3072.34,6966.168337304061,M3,6209.7,98,6307.7,0.0
Job_049,3072.34,6966.168337304061,M9,6402.82,22,6424.82,0.0
Job_049,3072.34,6966.168337304061,M5,6424.82,43,6467.82,0.0
Job_048,3021.78,6398.412817692682,M1,5297.04,91,5388.04,0.0
Job_048,3021.78,6398.412817692682,M0,5479.1,85,5564.1,0.0
Job_048,3021.78,6398.412817692682,M3,5610.22,39,5649.22,0.0
Job_048,3021.78,6398.412817692682,M2,5739.4,74,5813.4,0.0
Job_048,3021.78,6398.412817692682,M8,5815.34,90,5905.34,0.0
Job_048,3021.78,6398.412817692682,M5,5984.52,10,5994.52,0.0
Job_048,3021.78,6398.412817692682,M7,6112.64,12,6124.64,0.0
Job_048,3021.78,6398.412817692682,M6,6124.64,89,6213.64,0.0
Job_048,3021.78,6398.412817692682,M9,6213.64,45,6258.64,0.0
Job_048,3021.78,6398.412817692682,M4,6258.64,33,6291.64,0.0
Job_047,2996.28,6028.11580461843,M0,5125.92,43,5168.92,114.46419538156988
Job_047,2996.28,6028.11580461843,M2,5168.92,90,5258.92,114.46419538156988
Job_047,2996.28,6028.11580461843,M4,5538.16,75,5613.16,114.46419538156988
Job_047,2996.28,6028.11580461843,M9,5632.22,11,5643.22,114.46419538156988
Job_047,2996.28,6028.11580461843,M3,5685.34,69,5754.34,114.46419538156988
Job_047,2996.28,6028.11580461843,M1,5767.4,28,5795.4,114.46419538156988
Job_047,2996.28,6028.11580461843,M6,5795.4,46,5841.4,114.46419538156988
Job_047,2996.28,6028.11580461843,M5,5994.58,46,6040.58,114.46419538156988
Job_047,2996.28,6028.11580461843,M7,6040.58,72,6112.58,114.46419538156988
Job_047,2996.28,6028.11580461843,M8,6112.58,30,6142.58,114.46419538156988
Job_046,2894.37,5242.556554557411,M0,5096.86,29,5125.86,854.023445442589
Job_046,2894.37,5242.556554557411,M1,5469.16,78,5547.16,854.023445442589
Job_046,2894.37,5242.556554557411,M2,5547.16,9,5556.16,854.023445442589
Job_046,2894.37,5242.556554557411,M3,5649.28,36,5685.28,854.023445442589
Job_046,2894.37,5242.556554557411,M4,5685.28,49,5734.28,854.023445442589
Job_046,2894.37,5242.556554557411,M5,5804.22,11,5815.22,854.023445442589
Job_046,2894.37,5242.556554557411,M6,5841.46,62,5903.46,854.023445442589
Job_046,2894.37,5242.556554557411,M7,5943.4,56,5999.4,854.023445442589
Job_046,2894.37,5242.556554557411,M8,6031.58,44,6075.58,854.023445442589
Job_046,2894.37,5242.556554557411,M9,6075.58,21,6096.58,854.023445442589
Job_045,2770.59,6147.222817692682,M1,5159.92,91,5250.92,0.0
Job_045,2770.59,6147.222817692682,M0,5250.92,85,5335.92,0.0
Job_045,2770.59,6147.222817692682,M3,5335.92,39,5374.92,0.0
Job_045,2770.59,6147.222817692682,M2,5651.28,74,5725.28,0.0
Job_045,2770.59,6147.222817692682,M8,5725.28,90,5815.28,0.0
Job_045,2770.59,6147.222817692682,M5,5815.28,10,5825.28,0.0
Job_045,2770.59,6147.222817692682,M7,5825.28,12,5837.28,0.0
Job_045,2770.59,6147.222817692682,M6,5924.46,89,6013.46,0.0
Job_045,2770.59,6147.222817692682,M9,6013.46,45,6058.46,0.0
Job_045,2770.59,6147.222817692682,M4,6058.46,33,6091.46,0.0
Job_044,2670.12,5701.955804618429,M0,4942.8,43,4985.8,329.56419538157115
Job_044,2670.12,5701.955804618429,M2,4985.92,90,5075.92,329.56419538157115
Job_044,2670.12,5701.955804618429,M4,5353.1,75,5428.1,329.56419538157115
Job_044,2670.12,5701.955804618429,M9,5432.1,11,5443.1,329.56419538157115
Job_044,2670.12,5701.955804618429,M3,5443.1,69,5512.1,329.56419538157115
Job_044,2670.12,5701.955804618429,M1,5547.22,28,5575.22,329.56419538157115
Job_044,2670.12,5701.955804618429,M6,5675.34,46,5721.34,329.56419538157115
Job_044,2670.12,5701.955804618429,M5,5825.34,46,5871.34,329.56419538157115
Job_044,2670.12,5701.955804618429,M7,5871.34,72,5943.34,329.56419538157115
Job_044,2670.12,5701.955804618429,M8,6001.52,30,6031.52,329.56419538157115
Job_043,2621.64,4969.82655455741,M0,4725.68,29,4754.68,1000.5734454425892
Job_043,2621.64,4969.82655455741,M1,5081.86,78,5159.86,1000.5734454425892
Job_043,2621.64,4969.82655455741,M2,5159.86,9,5168.86,1000.5734454425892
Job_043,2621.64,4969.82655455741,M3,5180.98,36,5216.98,1000.5734454425892
Job_043,2621.64,4969.82655455741,M4,5304.04,49,5353.04,1000.5734454425892
Job_043,2621.64,4969.82655455741,M5,5602.28,11,5613.28,1000.5734454425892
Job_043,2621.64,4969.82655455741,M6,5613.28,62,5675.28,1000.5734454425892
Job_043,2621.64,4969.82655455741,M7,5675.28,56,5731.28,1000.5734454425892
Job_043,2621.64,4969.82655455741,M8,5905.4,44,5949.4,1000.5734454425892
Job_043,2621.64,4969.82655455741,M9,5949.4,21,5970.4,1000.5734454425892
Job_042,2467.0,5671.234311155556,M2,4954.86,31,4985.86,175.10568884444456
Job_042,2467.0,5671.234311155556,M0,4985.86,86,5071.86,175.10568884444456
Job_042,2467.0,5671.234311155556,M1,5250.98,46,5296.98,175.10568884444456
Job_042,2467.0,5671.234311155556,M5,5296.98,74,5370.98,175.10568884444456
Job_042,2467.0,5671.234311155556,M4,5428.16,32,5460.16,175.10568884444456
Job_042,2467.0,5671.234311155556,M6,5460.16,88,5548.16,175.10568884444456
Job_042,2467.0,5671.234311155556,M8,5664.34,19,5683.34,175.10568884444456
Job_042,2467.0,5671.234311155556,M9,5683.34,48,5731.34,175.10568884444456
Job_042,2467.0,5671.234311155556,M7,5731.34,36,5767.34,175.10568884444456
Job_042,2467.0,5671.234311155556,M3,5767.34,79,5846.34,175.10568884444456
Job_041,2309.15,4645.447002382437,M2,4705.62,14,4719.62,1128.9529976175627
Job_041,2309.15,4645.447002382437,M0,4719.62,6,4725.62,1128.9529976175627
Job_041,2309.15,4645.447002382437,M1,4725.62,22,4747.62,1128.9529976175627
Job_041,2309.15,4645.447002382437,M5,5008.86,61,5069.86,1128.9529976175627
Job_041,2309.15,4645.447002382437,M3,5069.86,26,5095.86,1128.9529976175627
Job_041,2309.15,4645.447002382437,M4,5095.86,69,5164.86,1128.9529976175627
Job_041,2309.15,4645.447002382437,M8,5360.1,21,5381.1,1128.9529976175627
Job_041,2309.15,4645.447002382437,M7,5394.16,49,5443.16,1128.9529976175627
Job_041,2309.15,4645.447002382437,M9,5443.16,72,5515.16,1128.9529976175627
Job_041,2309.15,4645.447002382437,M6,5721.4,53,5774.4,1128.9529976175627
Job_040,2238.47,5187.078939393609,M2,4870.8,84,4954.8,457.14106060639097
Job_040,2238.47,5187.078939393609,M1,4954.8,2,4956.8,457.14106060639097
Job_040,2238.47,5187.078939393609,M5,4956.8,52,5008.8,457.14106060639097
Job_040,2238.47,5187.078939393609,M3,5217.04,95,5312.04,457.14106060639097
Job_040,2238.47,5187.078939393609,M8,5312.04,48,5360.04,457.14106060639097
Job_040,2238.47,5187.078939393609,M9,5360.04,72,5432.04,457.14106060639097
Job_040,2238.47,5187.078939393609,M0,5432.04,47,5479.04,457.14106060639097
Job_040,2238.47,5187.078939393609,M6,5548.22,65,5613.22,457.14106060639097
Job_040,2238.47,5187.078939393609,M4,5613.22,6,5619.22,457.14106060639097
Job_040,2238.47,5187.078939393609,M7,5619.22,25,5644.22,457.14106060639097
Job_039,2219.36,5429.5390872430435,M1,4013.26,85,4098.26,0.0
Job_039,2219.36,5429.5390872430435,M0,4407.38,13,4420.38,0.0
Job_039,2219.36,5429.5390872430435,M2,4719.68,61,4780.68,0.0
Job_039,2219.36,5429.5390872430435,M6,4780.68,7,4787.68,0.0
Job_039,2219.36,5429.5390872430435,M8,4941.92,64,5005.92,0.0
Job_039,2219.36,5429.5390872430435,M9,5005.92,76,5081.92,0.0
Job_039,2219.36,5429.5390872430435,M5,5081.92,47,5128.92,0.0
Job_039,2219.36,5429.5390872430435,M3,5128.92,52,5180.92,0.0
Job_039,2219.36,5429.5390872430435,M4,5180.92,90,5270.92,0.0
Job_039,2219.36,5429.5390872430435,M7,5270.92,45,5315.92,0.0
Job_038,2150.5,5182.335804618429,M0,4145.32,43,4188.32,228.82419538157046
Job_038,2150.5,5182.335804618429,M2,4780.74,90,4870.74,228.82419538157046
Job_038,2150.5,5182.335804618429,M4,4898.8,75,4973.8,228.82419538157046
Job_038,2150.5,5182.335804618429,M9,4973.8,11,4984.8,228.82419538157046
Job_038,2150.5,5182.335804618429,M3,4984.8,69,5053.8,228.82419538157046
Job_038,2150.5,5182.335804618429,M1,5053.8,28,5081.8,228.82419538157046
Job_038,2150.5,5182.335804618429,M6,5081.8,46,5127.8,228.82419538157046
Job_038,2150.5,5182.335804618429,M5,5128.98,46,5174.98,228.82419538157046
Job_038,2150.5,5182.335804618429,M7,5174.98,72,5246.98,228.82419538157046
Job_038,2150.5,5182.335804618429,M8,5381.16,30,5411.16,228.82419538157046
Job_037,2127.7,6021.528337304061,M1,3717.02,81,3798.02,0.0
Job_037,2127.7,6021.528337304061,M2,4241.32,95,4336.32,0.0
Job_037,2127.7,6021.528337304061,M0,4336.32,71,4407.32,0.0
Job_037,2127.7,6021.528337304061,M4,4799.74,99,4898.74,0.0
Job_037,2127.7,6021.528337304061,M6,4898.74,9,4907.74,0.0
Job_037,2127.7,6021.528337304061,M8,5005.98,52,5057.98,0.0
Job_037,2127.7,6021.528337304061,M7,5057.98,85,5142.98,0.0
Job_037,2127.7,6021.528337304061,M3,5512.16,98,5610.16,0.0
Job_037,2127.7,6021.528337304061,M9,5610.16,22,5632.16,0.0
Job_037,2127.7,6021.528337304061,M5,5632.16,43,5675.16,0.0
Job_036,2125.32,5501.9528176926815,M1,3922.2,91,4013.2,0.0
Job_036,2125.32,5501.9528176926815,M0,4013.2,85,4098.2,0.0
Job_036,2125.32,5501.9528176926815,M3,4592.56,39,4631.56,0.0
Job_036,2125.32,5501.9528176926815,M2,4631.56,74,4705.56,0.0
Job_036,2125.32,5501.9528176926815,M8,4705.56,90,4795.56,0.0
Job_036,2125.32,5501.9528176926815,M5,4795.56,10,4805.56,0.0
Job_036,2125.32,5501.9528176926815,M7,4805.56,12,4817.56,0.0
Job_036,2125.32,5501.9528176926815,M6,4907.8,89,4996.8,0.0
Job_036,2125.32,5501.9528176926815,M9,5081.98,45,5126.98,0.0
Job_036,2125.32,5501.9528176926815,M4,5270.98,33,5303.98,0.0
Job_035,2087.75,4435.936554557411,M0,3562.2,29,3591.2,569.9234454425887
Job_035,2087.75,4435.936554557411,M1,3844.14,78,3922.14,569.9234454425887
Job_035,2087.75,4435.936554557411,M2,4147.2,9,4156.2,569.9234454425887
Job_035,2087.75,4435.936554557411,M3,4556.5,36,4592.5,569.9234454425887
Job_035,2087.75,4435.936554557411,M4,4592.56,49,4641.56,569.9234454425887
Job_035,2087.75,4435.936554557411,M5,4641.56,11,4652.56,569.9234454425887
Job_035,2087.75,4435.936554557411,M6,4652.56,62,4714.56,569.9234454425887
Job_035,2087.75,4435.936554557411,M7,4714.56,56,4770.56,569.9234454425887
Job_035,2087.75,4435.936554557411,M8,4795.62,44,4839.62,569.9234454425887
Job_035,2087.75,4435.936554557411,M9,4984.86,21,5005.86,569.9234454425887
Job_034,2078.78,4551.80685239464,M1,3798.08,46,3844.08,477.0531476053593
Job_034,2078.78,4551.80685239464,M0,3844.08,37,3881.08,477.0531476053593
Job_034,2078.78,4551.80685239464,M3,4073.14,61,4134.14,477.0531476053593
Job_034,2078.78,4551.80685239464,M2,4134.14,13,4147.14,477.0531476053593
Job_034,2078.78,4551.80685239464,M6,4421.5,32,4453.5,477.0531476053593
Job_034,2078.78,4551.80685239464,M5,4453.5,21,4474.5,477.0531476053593
Job_034,2078.78,4551.80685239464,M9,4479.56,32,4511.56,477.0531476053593
Job_034,2078.78,4551.80685239464,M8,4511.56,89,4600.56,477.0531476053593
Job_034,2078.78,4551.80685239464,M7,4770.62,30,4800.62,477.0531476053593
Job_034,2078.78,4551.80685239464,M4,4973.86,55,5028.86,477.0531476053593
Job_033,2022.94,5571.9713242298085,M0,3473.08,76,3549.08,0.0
Job_033,2022.94,5571.9713242298085,M1,3647.96,69,3716.96,0.0
Job_033,2022.94,5571.9713242298085,M3,3918.02,76,3994.02,0.0
Job_033,2022.94,5571.9713242298085,M5,3994.02,51,4045.02,0.0
Job_033,2022.94,5571.9713242298085,M2,4156.26,85,4241.26,0.0
Job_033,2022.94,5571.9713242298085,M9,4446.44,11,4457.44,0.0
Job_033,2022.94,5571.9713242298085,M6,4551.62,40,4591.62,0.0
Job_033,2022.94,5571.9713242298085,M7,4591.62,89,4680.62,0.0
Job_033,2022.94,5571.9713242298085,M4,4773.68,26,4799.68,0.0
Job_033,2022.94,5571.9713242298085,M8,4839.68,74,4913.68,0.0
Job_032,1969.4,5179.5790872430425,M1,3447.78,85,3532.78,0.0
Job_032,1969.4,5179.5790872430425,M0,3549.14,13,3562.14,0.0
Job_032,1969.4,5179.5790872430425,M2,3562.14,61,3623.14,0.0
Job_032,1969.4,5179.5790872430425,M6,4083.2,7,4090.2,0.0
Job_032,1969.4,5179.5790872430425,M8,4108.26,64,4172.26,0.0
Job_032,1969.4,5179.5790872430425,M9,4370.38,76,4446.38,0.0
Job_032,1969.4,5179.5790872430425,M5,4474.56,47,4521.56,0.0
Job_032,1969.4,5179.5790872430425,M3,4631.62,52,4683.62,0.0
Job_032,1969.4,5179.5790872430425,M4,4683.62,90,4773.62,0.0
Job_032,1969.4,5179.5790872430425,M7,4817.62,45,4862.62,0.0
Job_031,1867.52,5416.551324229808,M0,3190.84,76,3266.84,0.0
Job_031,1867.52,5416.551324229808,M1,3532.84,69,3601.84,0.0
Job_031,1867.52,5416.551324229808,M3,3841.96,76,3917.96,0.0
Job_031,1867.52,5416.551324229808,M5,3917.96,51,3968.96,0.0
Job_031,1867.52,5416.551324229808,M2,3968.96,85,4053.96,0.0
Job_031,1867.52,5416.551324229808,M9,4164.26,11,4175.26,0.0
Job_031,1867.52,5416.551324229808,M6,4175.26,40,4215.26,0.0
Job_031,1867.52,5416.551324229808,M7,4477.5,89,4566.5,0.0
Job_031,1867.52,5416.551324229808,M4,4566.5,26,4592.5,0.0
Job_031,1867.52,5416.551324229808,M8,4600.62,74,4674.62,0.0
Job_030,1849.92,5054.154311155556,M2,3271.9,31,3302.9,0.0
Job_030,1849.92,5054.154311155556,M0,3302.9,86,3388.9,0.0
Job_030,1849.92,5054.154311155556,M1,3601.9,46,3647.9,0.0
Job_030,1849.92,5054.154311155556,M5,3843.9,74,3917.9,0.0
Job_030,1849.92,5054.154311155556,M4,3994.14,32,4026.14,0.0
Job_030,1849.92,5054.154311155556,M6,4215.32,88,4303.32,0.0
Job_030,1849.92,5054.154311155556,M8,4303.32,19,4322.32,0.0
Job_030,1849.92,5054.154311155556,M9,4322.32,48,4370.32,0.0
Job_030,1849.92,5054.154311155556,M7,4441.44,36,4477.44,0.0
Job_030,1849.92,5054.154311155556,M3,4477.44,79,4556.44,0.0
Job_029,1829.61,4302.63685239464,M1,3235.48,46,3281.48,193.7431476053598
Job_029,1829.61,4302.63685239464,M0,3436.02,37,3473.02,193.7431476053598
Job_029,1829.61,4302.63685239464,M3,3488.08,61,3549.08,193.7431476053598
Job_029,1829.61,4302.63685239464,M2,3549.08,13,3562.08,193.7431476053598
Job_029,1829.61,4302.63685239464,M6,3786.96,32,3818.96,193.7431476053598
Job_029,1829.61,4302.63685239464,M5,3818.96,21,3839.96,193.7431476053598
Job_029,1829.61,4302.63685239464,M9,3898.96,32,3930.96,193.7431476053598
Job_029,1829.61,4302.63685239464,M8,4322.38,89,4411.38,193.7431476053598
Job_029,1829.61,4302.63685239464,M7,4411.38,30,4441.38,193.7431476053598
Job_029,1829.61,4302.63685239464,M4,4441.38,55,4496.38,193.7431476053598
Job_028,1756.0,4704.608939393609,M2,3187.84,84,3271.84,0.0
Job_028,1756.0,4704.608939393609,M1,3445.72,2,3447.72,0.0
Job_028,1756.0,4704.608939393609,M5,3694.9,52,3746.9,0.0
Job_028,1756.0,4704.608939393609,M3,3746.9,95,3841.9,0.0
Job_028,1756.0,4704.608939393609,M8,3883.02,48,3931.02,0.0
Job_028,1756.0,4704.608939393609,M9,3931.02,72,4003.02,0.0
Job_028,1756.0,4704.608939393609,M0,4098.26,47,4145.26,0.0
Job_028,1756.0,4704.608939393609,M6,4303.38,65,4368.38,0.0
Job_028,1756.0,4704.608939393609,M4,4368.38,6,4374.38,0.0
Job_028,1756.0,4704.608939393609,M7,4566.56,25,4591.56,0.0
Job_027,1676.45,4012.747002382437,M2,3099.72,14,3113.72,408.69299761756247
Job_027,1676.45,4012.747002382437,M0,3113.72,6,3119.72,408.69299761756247
Job_027,1676.45,4012.747002382437,M1,3213.42,22,3235.42,408.69299761756247
Job_027,1676.45,4012.747002382437,M5,3633.84,61,3694.84,408.69299761756247
Job_027,1676.45,4012.747002382437,M3,3720.84,26,3746.84,408.69299761756247
Job_027,1676.45,4012.747002382437,M4,3792.96,69,3861.96,408.69299761756247
Job_027,1676.45,4012.747002382437,M8,3861.96,21,3882.96,408.69299761756247
Job_027,1676.45,4012.747002382437,M7,3998.14,49,4047.14,408.69299761756247
Job_027,1676.45,4012.747002382437,M9,4047.14,72,4119.14,408.69299761756247
Job_027,1676.45,4012.747002382437,M6,4368.44,53,4421.44,408.69299761756247
Job_026,1632.34,5526.168337304061,M1,2905.6,81,2986.6,0.0
Job_026,1632.34,5526.168337304061,M2,3004.66,95,3099.66,0.0
Job_026,1632.34,5526.168337304061,M0,3119.78,71,3190.78,0.0
Job_026,1632.34,5526.168337304061,M4,3862.02,99,3961.02,0.0
Job_026,1632.34,5526.168337304061,M6,3961.02,9,3970.02,0.0
Job_026,1632.34,5526.168337304061,M8,4026.14,52,4078.14,0.0
Job_026,1632.34,5526.168337304061,M7,4078.14,85,4163.14,0.0
Job_026,1632.34,5526.168337304061,M3,4163.14,98,4261.14,0.0
Job_026,1632.34,5526.168337304061,M9,4457.5,22,4479.5,0.0
Job_026,1632.34,5526.168337304061,M5,4521.62,43,4564.62,0.0
Job_025,1581.78,4958.4128176926815,M1,2736.48,91,2827.48,0.0
Job_025,1581.78,4958.4128176926815,M0,2914.66,85,2999.66,0.0
Job_025,1581.78,4958.4128176926815,M3,3237.48,39,3276.48,0.0
Job_025,1581.78,4958.4128176926815,M2,3302.96,74,3376.96,0.0
Job_025,1581.78,4958.4128176926815,M8,3701.84,90,3791.84,0.0
Job_025,1581.78,4958.4128176926815,M5,3793.02,10,3803.02,0.0
Job_025,1581.78,4958.4128176926815,M7,3982.14,12,3994.14,0.0
Job_025,1581.78,4958.4128176926815,M6,3994.14,89,4083.14,0.0
Job_025,1581.78,4958.4128176926815,M9,4119.2,45,4164.2,0.0
Job_025,1581.78,4958.4128176926815,M4,4164.2,33,4197.2,0.0
Job_024,1556.28,4588.115804618429,M0,2871.6,43,2914.6,0.0
Job_024,1556.28,4588.115804618429,M2,2914.6,90,3004.6,0.0
Job_024,1556.28,4588.115804618429,M4,3004.6,75,3079.6,0.0
Job_024,1556.28,4588.115804618429,M9,3079.6,11,3090.6,0.0
Job_024,1556.28,4588.115804618429,M3,3348.66,69,3417.66,0.0
Job_024,1556.28,4588.115804618429,M1,3417.66,28,3445.66,0.0
Job_024,1556.28,4588.115804618429,M6,3445.66,46,3491.66,0.0
Job_024,1556.28,4588.115804618429,M5,3746.96,46,3792.96,0.0
Job_024,1556.28,4588.115804618429,M7,3854.02,72,3926.02,0.0
Job_024,1556.28,4588.115804618429,M8,4078.2,30,4108.2,0.0
Job_023,1454.37,3802.556554557411,M0,2687.0,29,2716.0,244.52344544258904
Job_023,1454.37,3802.556554557411,M1,2827.54,78,2905.54,244.52344544258904
Job_023,1454.37,3802.556554557411,M2,2905.54,9,2914.54,244.52344544258904
Job_023,1454.37,3802.556554557411,M3,3312.6,36,3348.6,244.52344544258904
Job_023,1454.37,3802.556554557411,M4,3573.78,49,3622.78,244.52344544258904
Job_023,1454.37,3802.556554557411,M5,3622.78,11,3633.78,244.52344544258904
Job_023,1454.37,3802.556554557411,M6,3819.02,62,3881.02,244.52344544258904
Job_023,1454.37,3802.556554557411,M7,3926.08,56,3982.08,244.52344544258904
Job_023,1454.37,3802.556554557411,M8,3982.08,44,4026.08,244.52344544258904
Job_023,1454.37,3802.556554557411,M9,4026.08,21,4047.08,244.52344544258904
Job_022,1330.59,4707.222817692682,M1,2575.24,91,2666.24,0.0
Job_022,1330.59,4707.222817692682,M0,2716.06,85,2801.06,0.0
Job_022,1330.59,4707.222817692682,M3,2801.06,39,2840.06,0.0
Job_022,1330.59,4707.222817692682,M2,3113.78,74,3187.78,0.0
Job_022,1330.59,4707.222817692682,M8,3328.66,90,3418.66,0.0
Job_022,1330.59,4707.222817692682,M5,3418.66,10,3428.66,0.0
Job_022,1330.59,4707.222817692682,M7,3561.66,12,3573.66,0.0
Job_022,1330.59,4707.222817692682,M6,3579.78,89,3668.78,0.0
Job_022,1330.59,4707.222817692682,M9,3668.78,45,3713.78,0.0
Job_022,1330.59,4707.222817692682,M4,3961.08,33,3994.08,0.0
Job_021,1230.12,4261.955804618429,M0,2497.24,43,2540.24,0.0
Job_021,1230.12,4261.955804618429,M2,2676.42,90,2766.42,0.0
Job_021,1230.12,4261.955804618429,M4,2907.3,75,2982.3,0.0
Job_021,1230.12,4261.955804618429,M9,2982.3,11,2993.3,0.0
Job_021,1230.12,4261.955804618429,M3,3116.36,69,3185.36,0.0
Job_021,1230.12,4261.955804618429,M1,3185.36,28,3213.36,0.0
Job_021,1230.12,4261.955804618429,M6,3213.36,46,3259.36,0.0
Job_021,1230.12,4261.955804618429,M5,3372.6,46,3418.6,0.0
Job_021,1230.12,4261.955804618429,M7,3663.84,72,3735.84,0.0
Job_021,1230.12,4261.955804618429,M8,3931.08,30,3961.08,0.0
Job_020,1181.64,3529.8265545574113,M0,2468.18,29,2497.18,327.07344544258876
Job_020,1181.64,3529.8265545574113,M1,2497.18,78,2575.18,327.07344544258876
Job_020,1181.64,3529.8265545574113,M2,2667.36,9,2676.36,327.07344544258876
Job_020,1181.64,3529.8265545574113,M3,3276.54,36,3312.54,327.07344544258876
Job_020,1181.64,3529.8265545574113,M4,3312.54,49,3361.54,327.07344544258876
Job_020,1181.64,3529.8265545574113,M5,3361.54,11,3372.54,327.07344544258876
Job_020,1181.64,3529.8265545574113,M6,3372.54,62,3434.54,327.07344544258876
Job_020,1181.64,3529.8265545574113,M7,3735.9,56,3791.9,327.07344544258876
Job_020,1181.64,3529.8265545574113,M8,3791.9,44,3835.9,327.07344544258876
Job_020,1181.64,3529.8265545574113,M9,3835.9,21,3856.9,327.07344544258876
Job_019,1027.0,4231.234311155556,M2,2552.24,31,2583.24,0.0
Job_019,1027.0,4231.234311155556,M0,2583.24,86,2669.24,0.0
Job_019,1027.0,4231.234311155556,M1,2688.36,46,2734.36,0.0
Job_019,1027.0,4231.234311155556,M5,3090.36,74,3164.36,0.0
Job_019,1027.0,4231.234311155556,M4,3361.6,32,3393.6,0.0
Job_019,1027.0,4231.234311155556,M6,3491.72,88,3579.72,0.0
Job_019,1027.0,4231.234311155556,M8,3579.72,19,3598.72,0.0
Job_019,1027.0,4231.234311155556,M9,3620.72,48,3668.72,0.0
Job_019,1027.0,4231.234311155556,M7,3817.96,36,3853.96,0.0
Job_019,1027.0,4231.234311155556,M3,3994.08,79,4073.08,0.0
Job_018,869.15,3205.447002382437,M2,2448.12,14,2462.12,516.3929976175632
Job_018,869.15,3205.447002382437,M0,2462.12,6,2468.12,516.3929976175632
Job_018,869.15,3205.447002382437,M1,2666.3,22,2688.3,516.3929976175632
Job_018,869.15,3205.447002382437,M5,3029.3,61,3090.3,516.3929976175632
Job_018,869.15,3205.447002382437,M3,3090.3,26,3116.3,516.3929976175632
Job_018,869.15,3205.447002382437,M4,3192.48,69,3261.48,516.3929976175632
Job_018,869.15,3205.447002382437,M8,3261.48,21,3282.48,516.3929976175632
Job_018,869.15,3205.447002382437,M7,3282.48,49,3331.48,516.3929976175632
Job_018,869.15,3205.447002382437,M9,3331.48,72,3403.48,516.3929976175632
Job_018,869.15,3205.447002382437,M6,3668.84,53,3721.84,516.3929976175632
Job_017,798.47,3747.0789393936093,M2,2583.3,84,2667.3,70.8210606063908
Job_017,798.47,3747.0789393936093,M1,2734.42,2,2736.42,70.8210606063908
Job_017,798.47,3747.0789393936093,M5,2866.06,52,2918.06,70.8210606063908
Job_017,798.47,3747.0789393936093,M3,2918.06,95,3013.06,70.8210606063908
Job_017,798.47,3747.0789393936093,M8,3042.66,48,3090.66,70.8210606063908
Job_017,798.47,3747.0789393936093,M9,3090.66,72,3162.66,70.8210606063908
Job_017,798.47,3747.0789393936093,M0,3388.96,47,3435.96,70.8210606063908
Job_017,798.47,3747.0789393936093,M6,3721.9,65,3786.9,70.8210606063908
Job_017,798.47,3747.0789393936093,M4,3786.9,6,3792.9,70.8210606063908
Job_017,798.47,3747.0789393936093,M7,3792.9,25,3817.9,70.8210606063908
Job_016,779.36,3989.539087243043,M1,1910.82,85,1995.82,0.0
Job_016,779.36,3989.539087243043,M0,1995.82,13,2008.82,0.0
Job_016,779.36,3989.539087243043,M2,2387.06,61,2448.06,0.0
Job_016,779.36,3989.539087243043,M6,2566.06,7,2573.06,0.0
Job_016,779.36,3989.539087243043,M8,2842.24,64,2906.24,0.0
Job_016,779.36,3989.539087243043,M9,2906.24,76,2982.24,0.0
Job_016,779.36,3989.539087243043,M5,2982.24,47,3029.24,0.0
Job_016,779.36,3989.539087243043,M3,3029.24,52,3081.24,0.0
Job_016,779.36,3989.539087243043,M4,3483.72,90,3573.72,0.0
Job_016,779.36,3989.539087243043,M7,3573.72,45,3618.72,0.0
Job_015,710.5,3742.3358046184294,M0,1886.88,43,1929.88,0.0
Job_015,710.5,3742.3358046184294,M2,2462.18,90,2552.18,0.0
Job_015,710.5,3742.3358046184294,M4,2658.18,75,2733.18,0.0
Job_015,710.5,3742.3358046184294,M9,2733.18,11,2744.18,0.0
Job_015,710.5,3742.3358046184294,M3,2840.12,69,2909.12,0.0
Job_015,710.5,3742.3358046184294,M1,2986.66,28,3014.66,0.0
Job_015,710.5,3742.3358046184294,M6,3014.66,46,3060.66,0.0
Job_015,710.5,3742.3358046184294,M5,3164.42,46,3210.42,0.0
Job_015,710.5,3742.3358046184294,M7,3210.42,72,3282.42,0.0
Job_015,710.5,3742.3358046184294,M8,3598.78,30,3628.78,0.0
Job_014,687.7,4581.528337304061,M1,2073.94,81,2154.94,0.0
Job_014,687.7,4581.528337304061,M2,2292.0,95,2387.0,0.0
Job_014,687.7,4581.528337304061,M0,2387.0,71,2458.0,0.0
Job_014,687.7,4581.528337304061,M4,2458.0,99,2557.0,0.0
Job_014,687.7,4581.528337304061,M6,2557.0,9,2566.0,0.0
Job_014,687.7,4581.528337304061,M8,2566.0,52,2618.0,0.0
Job_014,687.7,4581.528337304061,M7,2618.0,85,2703.0,0.0
Job_014,687.7,4581.528337304061,M3,2703.0,98,2801.0,0.0
Job_014,687.7,4581.528337304061,M9,2801.0,22,2823.0,0.0
Job_014,687.7,4581.528337304061,M5,2823.0,43,2866.0,0.0
Job_013,685.32,4061.952817692682,M1,1476.52,91,1567.52,0.0
Job_013,685.32,4061.952817692682,M0,1801.82,85,1886.82,0.0
Job_013,685.32,4061.952817692682,M3,2178.82,39,2217.82,0.0
Job_013,685.32,4061.952817692682,M2,2217.94,74,2291.94,0.0
Job_013,685.32,4061.952817692682,M8,2291.94,90,2381.94,0.0
Job_013,685.32,4061.952817692682,M5,2381.94,10,2391.94,0.0
Job_013,685.32,4061.952817692682,M7,2391.94,12,2403.94,0.0
Job_013,685.32,4061.952817692682,M6,2403.94,89,2492.94,0.0
Job_013,685.32,4061.952817692682,M9,2525.06,45,2570.06,0.0
Job_013,685.32,4061.952817692682,M4,2570.06,33,2603.06,0.0
Job_012,647.75,2995.936554557411,M0,1772.76,29,1801.76,0.0
Job_012,647.75,2995.936554557411,M1,1995.88,78,2073.88,0.0
Job_012,647.75,2995.936554557411,M2,2208.88,9,2217.88,0.0
Job_012,647.75,2995.936554557411,M3,2217.88,36,2253.88,0.0
Job_012,647.75,2995.936554557411,M4,2253.88,49,2302.88,0.0
Job_012,647.75,2995.936554557411,M5,2302.88,11,2313.88,0.0
Job_012,647.75,2995.936554557411,M6,2313.88,62,2375.88,0.0
Job_012,647.75,2995.936554557411,M7,2404.0,56,2460.0,0.0
Job_012,647.75,2995.936554557411,M8,2460.0,44,2504.0,0.0
Job_012,647.75,2995.936554557411,M9,2504.0,21,2525.0,0.0
Job_011,638.78,3111.8068523946404,M1,1613.64,46,1659.64,0.0
Job_011,638.78,3111.8068523946404,M0,1659.64,37,1696.64,0.0
Job_011,638.78,3111.8068523946404,M3,1696.64,61,1757.64,0.0
Job_011,638.78,3111.8068523946404,M2,1757.64,13,1770.64,0.0
Job_011,638.78,3111.8068523946404,M6,2019.76,32,2051.76,0.0
Job_011,638.78,3111.8068523946404,M5,2051.76,21,2072.76,0.0
Job_011,638.78,3111.8068523946404,M9,2072.76,32,2104.76,0.0
Job_011,638.78,3111.8068523946404,M8,2104.76,89,2193.76,0.0
Job_011,638.78,3111.8068523946404,M7,2229.76,30,2259.76,0.0
Job_011,638.78,3111.8068523946404,M4,2603.12,55,2658.12,0.0
Job_010,582.94,4131.9713242298085,M0,1696.7,76,1772.7,0.0
Job_010,582.94,4131.9713242298085,M1,1772.7,69,1841.7,0.0
Job_010,582.94,4131.9713242298085,M3,1841.7,76,1917.7,0.0
Job_010,582.94,4131.9713242298085,M5,1917.7,51,1968.7,0.0
Job_010,582.94,4131.9713242298085,M2,1968.7,85,2053.7,0.0
Job_010,582.94,4131.9713242298085,M9,2053.7,11,2064.7,0.0
Job_010,582.94,4131.9713242298085,M6,2064.7,40,2104.7,0.0
Job_010,582.94,4131.9713242298085,M7,2140.7,89,2229.7,0.0
Job_010,582.94,4131.9713242298085,M4,2374.88,26,2400.88,0.0
Job_010,582.94,4131.9713242298085,M8,2692.12,74,2766.12,0.0
Job_009,529.4,3739.579087243043,M1,780.7,85,865.7,0.0
Job_009,529.4,3739.579087243043,M0,1604.7,13,1617.7,0.0
Job_009,529.4,3739.579087243043,M2,1696.58,61,1757.58,0.0
Job_009,529.4,3739.579087243043,M6,1807.64,7,1814.64,0.0
Job_009,529.4,3739.579087243043,M8,2766.18,64,2830.18,0.0
Job_009,529.4,3739.579087243043,M9,2830.18,76,2906.18,0.0
Job_009,529.4,3739.579087243043,M5,2918.12,47,2965.12,0.0
Job_009,529.4,3739.579087243043,M3,3185.42,52,3237.42,0.0
Job_009,529.4,3739.579087243043,M4,3393.66,90,3483.66,0.0
Job_009,529.4,3739.579087243043,M7,3618.78,45,3663.78,0.0
Job_008,427.52,3976.5513242298084,M0,1405.52,76,1481.52,0.0
Job_008,427.52,3976.5513242298084,M1,1841.76,69,1910.76,0.0
Job_008,427.52,3976.5513242298084,M3,1996.82,76,2072.82,0.0
Job_008,427.52,3976.5513242298084,M5,2072.82,51,2123.82,0.0
Job_008,427.52,3976.5513242298084,M2,2123.82,85,2208.82,0.0
Job_008,427.52,3976.5513242298084,M9,2208.82,11,2219.82,0.0
Job_008,427.52,3976.5513242298084,M6,2219.82,40,2259.82,0.0
Job_008,427.52,3976.5513242298084,M7,2259.82,89,2348.82,0.0
Job_008,427.52,3976.5513242298084,M4,2348.82,26,2374.82,0.0
Job_008,427.52,3976.5513242298084,M8,2618.06,74,2692.06,0.0
Job_007,409.92,3614.1543111555557,M2,710.58,31,741.58,0.0
Job_007,409.92,3614.1543111555557,M0,1481.58,86,1567.58,0.0
Job_007,409.92,3614.1543111555557,M1,1567.58,46,1613.58,0.0
Job_007,409.92,3614.1543111555557,M5,1613.58,74,1687.58,0.0
Job_007,409.92,3614.1543111555557,M4,1687.58,32,1719.58,0.0
Job_007,409.92,3614.1543111555557,M6,1719.58,88,1807.58,0.0
Job_007,409.92,3614.1543111555557,M8,1807.58,19,1826.58,0.0
Job_007,409.92,3614.1543111555557,M9,1826.58,48,1874.58,0.0
Job_007,409.92,3614.1543111555557,M7,1879.58,36,1915.58,0.0
Job_007,409.92,3614.1543111555557,M3,1917.76,79,1996.76,0.0
Job_006,389.61,2862.6368523946403,M1,734.64,46,780.64,0.0
Job_006,389.61,2862.6368523946403,M0,1567.64,37,1604.64,0.0
Job_006,389.61,2862.6368523946403,M3,1604.64,61,1665.64,0.0
Job_006,389.61,2862.6368523946403,M2,1665.64,13,1678.64,0.0
Job_006,389.61,2862.6368523946403,M6,1678.64,32,1710.64,0.0
Job_006,389.61,2862.6368523946403,M5,1710.64,21,1731.64,0.0
Job_006,389.61,2862.6368523946403,M9,1731.64,32,1763.64,0.0
Job_006,389.61,2862.6368523946403,M8,1826.64,89,1915.64,0.0
Job_006,389.61,2862.6368523946403,M7,1915.64,30,1945.64,0.0
Job_006,389.61,2862.6368523946403,M4,1945.64,55,2000.64,0.0
Job_005,316.0,3264.6089393936095,M2,626.52,84,710.52,0.0
Job_005,316.0,3264.6089393936095,M1,710.52,2,712.52,0.0
Job_005,316.0,3264.6089393936095,M5,1091.46,52,1143.46,0.0
Job_005,316.0,3264.6089393936095,M3,1143.46,95,1238.46,0.0
Job_005,316.0,3264.6089393936095,M8,1238.46,48,1286.46,0.0
Job_005,316.0,3264.6089393936095,M9,1286.46,72,1358.46,0.0
Job_005,316.0,3264.6089393936095,M0,1358.46,47,1405.46,0.0
Job_005,316.0,3264.6089393936095,M6,1405.46,65,1470.46,0.0
Job_005,316.0,3264.6089393936095,M4,1470.46,6,1476.46,0.0
Job_005,316.0,3264.6089393936095,M7,1476.46,25,1501.46,0.0
Job_004,236.45,2572.7470023824367,M2,612.46,14,626.46,0.0
Job_004,236.45,2572.7470023824367,M0,683.46,6,689.46,0.0
Job_004,236.45,2572.7470023824367,M1,712.58,22,734.58,0.0
Job_004,236.45,2572.7470023824367,M5,1143.52,61,1204.52,0.0
Job_004,236.45,2572.7470023824367,M3,1238.52,26,1264.52,0.0
Job_004,236.45,2572.7470023824367,M4,1264.52,69,1333.52,0.0
Job_004,236.45,2572.7470023824367,M8,1333.52,21,1354.52,0.0
Job_004,236.45,2572.7470023824367,M7,1354.52,49,1403.52,0.0
Job_004,236.45,2572.7470023824367,M9,1403.52,72,1475.52,0.0
Job_004,236.45,2572.7470023824367,M6,1475.52,53,1528.52,0.0
Job_003,192.34,4086.1683373040614,M1,432.34,81,513.34,0.0
Job_003,192.34,4086.1683373040614,M2,517.4,95,612.4,0.0
Job_003,192.34,4086.1683373040614,M0,612.4,71,683.4,0.0
Job_003,192.34,4086.1683373040614,M4,683.4,99,782.4,0.0
Job_003,192.34,4086.1683373040614,M6,782.4,9,791.4,0.0
Job_003,192.34,4086.1683373040614,M8,791.4,52,843.4,0.0
Job_003,192.34,4086.1683373040614,M7,843.4,85,928.4,0.0
Job_003,192.34,4086.1683373040614,M3,928.4,98,1026.4,0.0
Job_003,192.34,4086.1683373040614,M9,1026.4,22,1048.4,0.0
Job_003,192.34,4086.1683373040614,M5,1048.4,43,1091.4,0.0
Job_002,141.78,3518.412817692682,M1,141.78,91,232.78,0.0
Job_002,141.78,3518.412817692682,M0,232.78,85,317.78,0.0
Job_002,141.78,3518.412817692682,M3,404.34,39,443.34,0.0
Job_002,141.78,3518.412817692682,M2,443.34,74,517.34,0.0
Job_002,141.78,3518.412817692682,M8,517.34,90,607.34,0.0
Job_002,141.78,3518.412817692682,M5,607.34,10,617.34,0.0
Job_002,141.78,3518.412817692682,M7,617.34,12,629.34,0.0
Job_002,141.78,3518.412817692682,M6,629.34,89,718.34,0.0
Job_002,141.78,3518.412817692682,M9,718.34,45,763.34,0.0
Job_002,141.78,3518.412817692682,M4,782.46,33,815.46,0.0
Job_001,116.28,3148.1158046184296,M0,116.28,43,159.28,0.0
Job_001,116.28,3148.1158046184296,M2,159.28,90,249.28,0.0
Job_001,116.28,3148.1158046184296,M4,249.28,75,324.28,0.0
Job_001,116.28,3148.1158046184296,M9,324.28,11,335.28,0.0
Job_001,116.28,3148.1158046184296,M3,335.28,69,404.28,0.0
Job_001,116.28,3148.1158046184296,M1,404.28,28,432.28,0.0
Job_001,116.28,3148.1158046184296,M6,432.28,46,478.28,0.0
Job_001,116.28,3148.1158046184296,M5,478.28,46,524.28,0.0
Job_001,116.28,3148.1158046184296,M7,524.28,72,596.28,0.0
Job_001,116.28,3148.1158046184296,M8,607.4,30,637.4,0.0
Job_000,14.37,2362.556554557411,M0,14.37,29,43.37,0.0
Job_000,14.37,2362.556554557411,M1,43.37,78,121.37,0.0
Job_000,14.37,2362.556554557411,M2,121.37,9,130.37,0.0
Job_000,14.37,2362.556554557411,M3,130.37,36,166.37,0.0
Job_000,14.37,2362.556554557411,M4,166.37,49,215.37,0.0
Job_000,14.37,2362.556554557411,M5,215.37,11,226.37,0.0
Job_000,14.37,2362.556554557411,M6,226.37,62,288.37,0.0
Job_000,14.37,2362.556554557411,M7,288.37,56,344.37,0.0
Job_000,14.37,2362.556554557411,M8,344.37,44,388.37,0.0
Job_000,14.37,2362.556554557411,M9,388.37,21,409.37,0.0
