Job,Operation,Arrival,Deadline,Machine,Start,Processing Time,End,Tardiness
Job_002,3,152.78,1690.4730720165371,M2,47698.04,74.0,47772.04,46081.57
Job_002,4,152.78,1690.4730720165371,M8,47957.04,90.0,48047.04,46356.57
Job_002,5,152.78,1690.4730720165371,M5,48370.04,10.0,48380.04,46689.57
Job_002,6,152.78,1690.4730720165371,M7,48380.04,12.0,48392.04,46701.57
Job_002,7,152.78,1690.4730720165371,M6,48392.04,89.0,48481.04,46790.57
Job_002,8,152.78,1690.4730720165371,M9,48481.04,45.0,48526.04,46835.57
Job_002,9,152.78,1690.4730720165371,M4,48526.04,33.0,48559.04,46868.57
Job_003,6,207.97,1981.190003821887,M7,48122.04,85.0,48207.04,46225.85
Job_003,7,207.97,1981.190003821887,M3,48207.04,98.0,48305.04,46323.85
Job_003,8,207.97,1981.190003821887,M9,48305.04,22.0,48327.04,46345.85
Job_003,9,207.97,1981.190003821887,M5,48327.04,43.0,48370.04,46388.85
Job_007,7,515.63,1974.814094748087,M9,48005.04,48.0,48053.04,46078.23
Job_007,8,515.63,1974.814094748087,M7,48086.04,36.0,48122.04,46147.23
Job_007,9,515.63,1974.814094748087,M3,48122.04,79.0,48201.04,46226.23
Job_009,8,781.95,2243.841300860792,M4,47864.04,90.0,47954.04,45710.2
Job_009,9,781.95,2243.841300860792,M7,48041.04,45.0,48086.04,45842.2
Job_010,5,891.94,2351.1240947480874,M6,47749.04,88.0,47837.04,45485.92
Job_010,6,891.94,2351.1240947480874,M8,47938.04,19.0,47957.04,45605.92
Job_010,7,891.94,2351.1240947480874,M9,47957.04,48.0,48005.04,45653.92
Job_010,8,891.94,2351.1240947480874,M7,48005.04,36.0,48041.04,45689.92
Job_010,9,891.94,2351.1240947480874,M3,48041.04,79.0,48120.04,45768.92
Job_011,1,944.71,2560.912049284987,M1,46585.04,69.0,46654.04,44093.13
Job_011,2,944.71,2560.912049284987,M3,47238.04,76.0,47314.04,44753.13
Job_011,3,944.71,2560.912049284987,M5,47562.04,51.0,47613.04,45052.13
Job_011,4,944.71,2560.912049284987,M2,47613.04,85.0,47698.04,45137.13
Job_011,5,944.71,2560.912049284987,M9,47698.04,11.0,47709.04,45148.13
Job_011,6,944.71,2560.912049284987,M6,47709.04,40.0,47749.04,45188.13
Job_011,7,944.71,2560.912049284987,M7,47749.04,89.0,47838.04,45277.13
Job_011,8,944.71,2560.912049284987,M4,47838.04,26.0,47864.04,45303.13
Job_011,9,944.71,2560.912049284987,M8,47864.04,74.0,47938.04,45377.13
Job_012,6,1003.56,2384.235117479637,M6,47470.04,46.0,47516.04,45131.8
Job_012,7,1003.56,2384.235117479637,M5,47516.04,46.0,47562.04,45177.8
Job_012,8,1003.56,2384.235117479637,M7,47562.04,72.0,47634.04,45249.8
Job_012,9,1003.56,2384.235117479637,M8,47634.04,30.0,47664.04,45279.8
Job_013,0,1185.73,2528.504231901765,M2,46499.04,84.0,46583.04,44054.54
Job_013,1,1185.73,2528.504231901765,M1,46583.04,2.0,46585.04,44056.54
Job_013,2,1185.73,2528.504231901765,M5,47091.04,52.0,47143.04,44614.54
Job_013,3,1185.73,2528.504231901765,M3,47143.04,95.0,47238.04,44709.54
Job_013,4,1185.73,2528.504231901765,M8,47238.04,48.0,47286.04,44757.54
Job_013,5,1185.73,2528.504231901765,M9,47286.04,72.0,47358.04,44829.54
Job_013,6,1185.73,2528.504231901765,M0,47358.04,47.0,47405.04,44876.54
Job_013,7,1185.73,2528.504231901765,M6,47405.04,65.0,47470.04,44941.54
Job_013,8,1185.73,2528.504231901765,M4,47470.04,6.0,47476.04,44947.54
Job_013,9,1185.73,2528.504231901765,M7,47476.04,25.0,47501.04,44972.54
Job_014,1,1190.89,2964.1100038218874,M2,46404.04,95.0,46499.04,43534.93
Job_014,2,1190.89,2964.1100038218874,M0,46499.04,71.0,46570.04,43605.93
Job_014,3,1190.89,2964.1100038218874,M4,46683.04,99.0,46782.04,43817.93
Job_014,4,1190.89,2964.1100038218874,M6,46782.04,9.0,46791.04,43826.93
Job_014,5,1190.89,2964.1100038218874,M8,46791.04,52.0,46843.04,43878.93
Job_014,6,1190.89,2964.1100038218874,M7,46843.04,85.0,46928.04,43963.93
Job_014,7,1190.89,2964.1100038218874,M3,46928.04,98.0,47026.04,44061.93
Job_014,8,1190.89,2964.1100038218874,M9,47026.04,22.0,47048.04,44083.93
Job_014,9,1190.89,2964.1100038218874,M5,47048.04,43.0,47091.04,44126.93
Job_015,8,1197.28,2261.212002293132,M9,46650.04,72.0,46722.04,44460.83
Job_015,9,1197.28,2261.212002293132,M6,46722.04,53.0,46775.04,44513.83
Job_016,0,1198.72,2736.413072016537,M1,46115.04,91.0,46206.04,43469.63
Job_016,1,1198.72,2736.413072016537,M0,46206.04,85.0,46291.04,43554.63
Job_016,2,1198.72,2736.413072016537,M3,46291.04,39.0,46330.04,43593.63
Job_016,3,1198.72,2736.413072016537,M2,46330.04,74.0,46404.04,43667.63
Job_016,4,1198.72,2736.413072016537,M8,46404.04,90.0,46494.04,43757.63
Job_016,5,1198.72,2736.413072016537,M5,46494.04,10.0,46504.04,43767.63
Job_016,6,1198.72,2736.413072016537,M7,46504.04,12.0,46516.04,43779.63
Job_016,7,1198.72,2736.413072016537,M6,46516.04,89.0,46605.04,43868.63
Job_016,8,1198.72,2736.413072016537,M9,46605.04,45.0,46650.04,43913.63
Job_016,9,1198.72,2736.413072016537,M4,46650.04,33.0,46683.04,43946.63
Job_019,0,1440.0,2509.3464145185426,M0,45300.04,29.0,45329.04,42819.69
Job_019,1,1440.0,2509.3464145185426,M1,46037.04,78.0,46115.04,43605.69
Job_019,2,1440.0,2509.3464145185426,M2,46115.04,9.0,46124.04,43614.69
Job_019,3,1440.0,2509.3464145185426,M3,46124.04,36.0,46160.04,43650.69
Job_019,4,1440.0,2509.3464145185426,M4,46160.04,49.0,46209.04,43699.69
Job_019,5,1440.0,2509.3464145185426,M5,46209.04,11.0,46220.04,43710.69
Job_019,6,1440.0,2509.3464145185426,M6,46220.04,62.0,46282.04,43772.69
Job_019,7,1440.0,2509.3464145185426,M7,46282.04,56.0,46338.04,43828.69
Job_019,8,1440.0,2509.3464145185426,M8,46338.04,44.0,46382.04,43872.69
Job_019,9,1440.0,2509.3464145185426,M9,46382.04,21.0,46403.04,43893.69
Job_020,0,1528.05,2908.7251174796374,M0,45257.04,43.0,45300.04,42391.31
Job_020,1,1528.05,2908.7251174796374,M2,45300.04,90.0,45390.04,42481.31
Job_020,2,1528.05,2908.7251174796374,M4,45854.04,75.0,45929.04,43020.31
Job_020,3,1528.05,2908.7251174796374,M9,45929.04,11.0,45940.04,43031.31
Job_020,4,1528.05,2908.7251174796374,M3,45940.04,69.0,46009.04,43100.31
Job_020,5,1528.05,2908.7251174796374,M1,46009.04,28.0,46037.04,43128.31
Job_020,6,1528.05,2908.7251174796374,M6,46037.04,46.0,46083.04,43174.31
Job_020,7,1528.05,2908.7251174796374,M5,46083.04,46.0,46129.04,43220.31
Job_020,8,1528.05,2908.7251174796374,M7,46129.04,72.0,46201.04,43292.31
Job_020,9,1528.05,2908.7251174796374,M8,46201.04,30.0,46231.04,43322.31
Job_021,3,1592.78,3130.473072016537,M2,44982.04,74.0,45056.04,41925.57
Job_021,4,1592.78,3130.473072016537,M8,45417.04,90.0,45507.04,42376.57
Job_021,5,1592.78,3130.473072016537,M5,45665.04,10.0,45675.04,42544.57
Job_021,6,1592.78,3130.473072016537,M7,45675.04,12.0,45687.04,42556.57
Job_021,7,1592.78,3130.473072016537,M6,45687.04,89.0,45776.04,42645.57
Job_021,8,1592.78,3130.473072016537,M9,45776.04,45.0,45821.04,42690.57
Job_021,9,1592.78,3130.473072016537,M4,45821.04,33.0,45854.04,42723.57
Job_022,0,1647.97,3421.1900038218873,M1,44806.04,81.0,44887.04,41465.85
Job_022,1,1647.97,3421.1900038218873,M2,44887.04,95.0,44982.04,41560.85
Job_022,2,1647.97,3421.1900038218873,M0,45186.04,71.0,45257.04,41835.85
Job_022,3,1647.97,3421.1900038218873,M4,45257.04,99.0,45356.04,41934.85
Job_022,4,1647.97,3421.1900038218873,M6,45356.04,9.0,45365.04,41943.85
Job_022,5,1647.97,3421.1900038218873,M8,45365.04,52.0,45417.04,41995.85
Job_022,6,1647.97,3421.1900038218873,M7,45417.04,85.0,45502.04,42080.85
Job_022,7,1647.97,3421.1900038218873,M3,45502.04,98.0,45600.04,42178.85
Job_022,8,1647.97,3421.1900038218873,M9,45600.04,22.0,45622.04,42200.85
Job_022,9,1647.97,3421.1900038218873,M5,45622.04,43.0,45665.04,42243.85
Job_024,4,1759.39,3102.1642319017647,M8,45019.04,48.0,45067.04,41964.88
Job_024,5,1759.39,3102.1642319017647,M9,45067.04,72.0,45139.04,42036.88
Job_024,6,1759.39,3102.1642319017647,M0,45139.04,47.0,45186.04,42083.88
Job_024,7,1759.39,3102.1642319017647,M6,45186.04,65.0,45251.04,42148.88
Job_024,8,1759.39,3102.1642319017647,M4,45251.04,6.0,45257.04,42154.88
Job_024,9,1759.39,3102.1642319017647,M7,45257.04,25.0,45282.04,42179.88
Job_026,0,1955.63,3414.814094748087,M2,44643.04,31.0,44674.04,41259.23
Job_026,1,1955.63,3414.814094748087,M0,44674.04,86.0,44760.04,41345.23
Job_026,2,1955.63,3414.814094748087,M1,44760.04,46.0,44806.04,41391.23
Job_026,3,1955.63,3414.814094748087,M5,44806.04,74.0,44880.04,41465.23
Job_026,4,1955.63,3414.814094748087,M4,44880.04,32.0,44912.04,41497.23
Job_026,5,1955.63,3414.814094748087,M6,44912.04,88.0,45000.04,41585.23
Job_026,6,1955.63,3414.814094748087,M8,45000.04,19.0,45019.04,41604.23
Job_026,7,1955.63,3414.814094748087,M9,45019.04,48.0,45067.04,41652.23
Job_026,8,1955.63,3414.814094748087,M7,45067.04,36.0,45103.04,41688.23
Job_026,9,1955.63,3414.814094748087,M3,45103.04,79.0,45182.04,41767.23
Job_027,0,2188.04,3804.242049284987,M0,43946.04,76.0,44022.04,40217.8
Job_027,1,2188.04,3804.242049284987,M1,44022.04,69.0,44091.04,40286.8
Job_027,2,2188.04,3804.242049284987,M3,44431.04,76.0,44507.04,40702.8
Job_027,3,2188.04,3804.242049284987,M5,44507.04,51.0,44558.04,40753.8
Job_027,4,2188.04,3804.242049284987,M2,44558.04,85.0,44643.04,40838.8
Job_027,5,2188.04,3804.242049284987,M9,44643.04,11.0,44654.04,40849.8
Job_027,6,2188.04,3804.242049284987,M6,44654.04,40.0,44694.04,40889.8
Job_027,7,2188.04,3804.242049284987,M7,44694.04,89.0,44783.04,40978.8
Job_027,8,2188.04,3804.242049284987,M4,44783.04,26.0,44809.04,41004.8
Job_027,9,2188.04,3804.242049284987,M8,44809.04,74.0,44883.04,41078.8
Job_028,1,2221.95,3683.841300860792,M0,43933.04,13.0,43946.04,40262.2
Job_028,2,2221.95,3683.841300860792,M2,43946.04,61.0,44007.04,40323.2
Job_028,3,2221.95,3683.841300860792,M6,44173.04,7.0,44180.04,40496.2
Job_028,4,2221.95,3683.841300860792,M8,44192.04,64.0,44256.04,40572.2
Job_028,5,2221.95,3683.841300860792,M9,44256.04,76.0,44332.04,40648.2
Job_028,6,2221.95,3683.841300860792,M5,44332.04,47.0,44379.04,40695.2
Job_028,7,2221.95,3683.841300860792,M3,44379.04,52.0,44431.04,40747.2
Job_028,8,2221.95,3683.841300860792,M4,44431.04,90.0,44521.04,40837.2
Job_028,9,2221.95,3683.841300860792,M7,44521.04,45.0,44566.04,40882.2
Job_029,0,2331.94,3791.1240947480874,M2,43816.04,31.0,43847.04,40055.92
Job_029,1,2331.94,3791.1240947480874,M0,43847.04,86.0,43933.04,40141.92
Job_029,2,2331.94,3791.1240947480874,M1,43933.04,46.0,43979.04,40187.92
Job_029,3,2331.94,3791.1240947480874,M5,43979.04,74.0,44053.04,40261.92
Job_029,4,2331.94,3791.1240947480874,M4,44053.04,32.0,44085.04,40293.92
Job_029,5,2331.94,3791.1240947480874,M6,44085.04,88.0,44173.04,40381.92
Job_029,6,2331.94,3791.1240947480874,M8,44173.04,19.0,44192.04,40400.92
Job_029,7,2331.94,3791.1240947480874,M9,44192.04,48.0,44240.04,40448.92
Job_029,8,2331.94,3791.1240947480874,M7,44240.04,36.0,44276.04,40484.92
Job_029,9,2331.94,3791.1240947480874,M3,44276.04,79.0,44355.04,40563.92
Job_030,0,2384.71,4000.912049284987,M0,42621.04,76.0,42697.04,38696.13
Job_030,1,2384.71,4000.912049284987,M1,43535.04,69.0,43604.04,39603.13
Job_030,2,2384.71,4000.912049284987,M3,43604.04,76.0,43680.04,39679.13
Job_030,3,2384.71,4000.912049284987,M5,43680.04,51.0,43731.04,39730.13
Job_030,4,2384.71,4000.912049284987,M2,43731.04,85.0,43816.04,39815.13
Job_030,5,2384.71,4000.912049284987,M9,43816.04,11.0,43827.04,39826.13
Job_030,6,2384.71,4000.912049284987,M6,43827.04,40.0,43867.04,39866.13
Job_030,7,2384.71,4000.912049284987,M7,43867.04,89.0,43956.04,39955.13
Job_030,8,2384.71,4000.912049284987,M4,43956.04,26.0,43982.04,39981.13
Job_030,9,2384.71,4000.912049284987,M8,43982.04,74.0,44056.04,40055.13
Job_031,1,2443.56,3824.235117479637,M2,42550.04,90.0,42640.04,38815.8
Job_031,2,2443.56,3824.235117479637,M4,43065.04,75.0,43140.04,39315.8
Job_031,3,2443.56,3824.235117479637,M9,43427.04,11.0,43438.04,39613.8
Job_031,4,2443.56,3824.235117479637,M3,43438.04,69.0,43507.04,39682.8
Job_031,5,2443.56,3824.235117479637,M1,43507.04,28.0,43535.04,39710.8
Job_031,6,2443.56,3824.235117479637,M6,43535.04,46.0,43581.04,39756.8
Job_031,7,2443.56,3824.235117479637,M5,43581.04,46.0,43627.04,39802.8
Job_031,8,2443.56,3824.235117479637,M7,43627.04,72.0,43699.04,39874.8
Job_031,9,2443.56,3824.235117479637,M8,43699.04,30.0,43729.04,39904.8
Job_033,0,2630.89,4404.1100038218865,M1,42209.04,81.0,42290.04,37885.93
Job_033,1,2630.89,4404.1100038218865,M2,42455.04,95.0,42550.04,38145.93
Job_033,2,2630.89,4404.1100038218865,M0,42550.04,71.0,42621.04,38216.93
Job_033,3,2630.89,4404.1100038218865,M4,42966.04,99.0,43065.04,38660.93
Job_033,4,2630.89,4404.1100038218865,M6,43161.04,9.0,43170.04,38765.93
Job_033,5,2630.89,4404.1100038218865,M8,43170.04,52.0,43222.04,38817.93
Job_033,6,2630.89,4404.1100038218865,M7,43222.04,85.0,43307.04,38902.93
Job_033,7,2630.89,4404.1100038218865,M3,43307.04,98.0,43405.04,39000.93
Job_033,8,2630.89,4404.1100038218865,M9,43405.04,22.0,43427.04,39022.93
Job_033,9,2630.89,4404.1100038218865,M5,43427.04,43.0,43470.04,39065.93
Job_034,1,2637.28,3701.212002293132,M0,42181.04,6.0,42187.04,38485.83
Job_034,2,2637.28,3701.212002293132,M1,42187.04,22.0,42209.04,38507.83
Job_034,3,2637.28,3701.212002293132,M5,42718.04,61.0,42779.04,39077.83
Job_034,4,2637.28,3701.212002293132,M3,42779.04,26.0,42805.04,39103.83
Job_034,5,2637.28,3701.212002293132,M4,42897.04,69.0,42966.04,39264.83
Job_034,6,2637.28,3701.212002293132,M8,42966.04,21.0,42987.04,39285.83
Job_034,7,2637.28,3701.212002293132,M7,42987.04,49.0,43036.04,39334.83
Job_034,8,2637.28,3701.212002293132,M9,43036.04,72.0,43108.04,39406.83
Job_034,9,2637.28,3701.212002293132,M6,43108.04,53.0,43161.04,39459.83
Job_035,0,2638.72,4176.413072016537,M1,42005.04,91.0,42096.04,37919.63
Job_035,1,2638.72,4176.413072016537,M0,42096.04,85.0,42181.04,38004.63
Job_035,2,2638.72,4176.413072016537,M3,42342.04,39.0,42381.04,38204.63
Job_035,3,2638.72,4176.413072016537,M2,42381.04,74.0,42455.04,38278.63
Job_035,4,2638.72,4176.413072016537,M8,42618.04,90.0,42708.04,38531.63
Job_035,5,2638.72,4176.413072016537,M5,42708.04,10.0,42718.04,38541.63
Job_035,6,2638.72,4176.413072016537,M7,42718.04,12.0,42730.04,38553.63
Job_035,7,2638.72,4176.413072016537,M6,42730.04,89.0,42819.04,38642.63
Job_035,8,2638.72,4176.413072016537,M9,42819.04,45.0,42864.04,38687.63
Job_035,9,2638.72,4176.413072016537,M4,42864.04,33.0,42897.04,38720.63
Job_036,0,2764.04,3833.3864145185426,M0,41898.04,29.0,41927.04,38093.65
Job_036,1,2764.04,3833.3864145185426,M1,41927.04,78.0,42005.04,38171.65
Job_036,2,2764.04,3833.3864145185426,M2,42005.04,9.0,42014.04,38180.65
Job_036,3,2764.04,3833.3864145185426,M3,42306.04,36.0,42342.04,38508.65
Job_036,4,2764.04,3833.3864145185426,M4,42396.04,49.0,42445.04,38611.65
Job_036,5,2764.04,3833.3864145185426,M5,42445.04,11.0,42456.04,38622.65
Job_036,6,2764.04,3833.3864145185426,M6,42456.04,62.0,42518.04,38684.65
Job_036,7,2764.04,3833.3864145185426,M7,42518.04,56.0,42574.04,38740.65
Job_036,8,2764.04,3833.3864145185426,M8,42574.04,44.0,42618.04,38784.65
Job_036,9,2764.04,3833.3864145185426,M9,42618.04,21.0,42639.04,38805.65
Job_037,0,2869.61,4331.501300860793,M1,41800.04,85.0,41885.04,37553.54
Job_037,1,2869.61,4331.501300860793,M0,41885.04,13.0,41898.04,37566.54
Job_037,2,2869.61,4331.501300860793,M2,41898.04,61.0,41959.04,37627.54
Job_037,3,2869.61,4331.501300860793,M6,41967.04,7.0,41974.04,37642.54
Job_037,4,2869.61,4331.501300860793,M8,42067.04,64.0,42131.04,37799.54
Job_037,5,2869.61,4331.501300860793,M9,42131.04,76.0,42207.04,37875.54
Job_037,6,2869.61,4331.501300860793,M5,42207.04,47.0,42254.04,37922.54
Job_037,7,2869.61,4331.501300860793,M3,42254.04,52.0,42306.04,37974.54
Job_037,8,2869.61,4331.501300860793,M4,42306.04,90.0,42396.04,38064.54
Job_037,9,2869.61,4331.501300860793,M7,42396.04,45.0,42441.04,38109.54
Job_038,0,2880.0,3949.3464145185426,M0,40927.04,29.0,40956.04,37006.69
Job_038,1,2880.0,3949.3464145185426,M1,41722.04,78.0,41800.04,37850.69
Job_038,2,2880.0,3949.3464145185426,M2,41800.04,9.0,41809.04,37859.69
Job_038,3,2880.0,3949.3464145185426,M3,41809.04,36.0,41845.04,37895.69
Job_038,4,2880.0,3949.3464145185426,M4,41845.04,49.0,41894.04,37944.69
Job_038,5,2880.0,3949.3464145185426,M5,41894.04,11.0,41905.04,37955.69
Job_038,6,2880.0,3949.3464145185426,M6,41905.04,62.0,41967.04,38017.69
Job_038,7,2880.0,3949.3464145185426,M7,41967.04,56.0,42023.04,38073.69
Job_038,8,2880.0,3949.3464145185426,M8,42023.04,44.0,42067.04,38117.69
Job_038,9,2880.0,3949.3464145185426,M9,42067.04,21.0,42088.04,38138.69
Job_039,0,2968.05,4348.725117479637,M0,40884.04,43.0,40927.04,36578.31
Job_039,1,2968.05,4348.725117479637,M2,41260.04,90.0,41350.04,37001.31
Job_039,2,2968.05,4348.725117479637,M4,41539.04,75.0,41614.04,37265.31
Job_039,3,2968.05,4348.725117479637,M9,41614.04,11.0,41625.04,37276.31
Job_039,4,2968.05,4348.725117479637,M3,41625.04,69.0,41694.04,37345.31
Job_039,5,2968.05,4348.725117479637,M1,41694.04,28.0,41722.04,37373.31
Job_039,6,2968.05,4348.725117479637,M6,41722.04,46.0,41768.04,37419.31
Job_039,7,2968.05,4348.725117479637,M5,41768.04,46.0,41814.04,37465.31
Job_039,8,2968.05,4348.725117479637,M7,41814.04,72.0,41886.04,37537.31
Job_039,9,2968.05,4348.725117479637,M8,41886.04,30.0,41916.04,37567.31
Job_040,1,3032.78,4570.473072016537,M0,40799.04,85.0,40884.04,36313.57
Job_040,2,3032.78,4570.473072016537,M3,41147.04,39.0,41186.04,36615.57
Job_040,3,3032.78,4570.473072016537,M2,41186.04,74.0,41260.04,36689.57
Job_040,4,3032.78,4570.473072016537,M8,41260.04,90.0,41350.04,36779.57
Job_040,5,3032.78,4570.473072016537,M5,41350.04,10.0,41360.04,36789.57
Job_040,6,3032.78,4570.473072016537,M7,41360.04,12.0,41372.04,36801.57
Job_040,7,3032.78,4570.473072016537,M6,41372.04,89.0,41461.04,36890.57
Job_040,8,3032.78,4570.473072016537,M9,41461.04,45.0,41506.04,36935.57
Job_040,9,3032.78,4570.473072016537,M4,41506.04,33.0,41539.04,36968.57
Job_041,0,3087.97,4861.190003821886,M1,40552.04,81.0,40633.04,35771.85
Job_041,1,3087.97,4861.190003821886,M2,40633.04,95.0,40728.04,35866.85
Job_041,2,3087.97,4861.190003821886,M0,40728.04,71.0,40799.04,35937.85
Job_041,3,3087.97,4861.190003821886,M4,40799.04,99.0,40898.04,36036.85
Job_041,4,3087.97,4861.190003821886,M6,40903.04,9.0,40912.04,36050.85
Job_041,5,3087.97,4861.190003821886,M8,40912.04,52.0,40964.04,36102.85
Job_041,6,3087.97,4861.190003821886,M7,40964.04,85.0,41049.04,36187.85
Job_041,7,3087.97,4861.190003821886,M3,41049.04,98.0,41147.04,36285.85
Job_041,8,3087.97,4861.190003821886,M9,41147.04,22.0,41169.04,36307.85
Job_041,9,3087.97,4861.190003821886,M5,41169.04,43.0,41212.04,36350.85
Job_042,0,3126.61,4190.542002293132,M2,40208.04,14.0,40222.04,36031.5
Job_042,1,3126.61,4190.542002293132,M0,40524.04,6.0,40530.04,36339.5
Job_042,2,3126.61,4190.542002293132,M1,40530.04,22.0,40552.04,36361.5
Job_042,3,3126.61,4190.542002293132,M5,40552.04,61.0,40613.04,36422.5
Job_042,4,3126.61,4190.542002293132,M3,40613.04,26.0,40639.04,36448.5
Job_042,5,3126.61,4190.542002293132,M4,40639.04,69.0,40708.04,36517.5
Job_042,6,3126.61,4190.542002293132,M8,40708.04,21.0,40729.04,36538.5
Job_042,7,3126.61,4190.542002293132,M7,40729.04,49.0,40778.04,36587.5
Job_042,8,3126.61,4190.542002293132,M9,40778.04,72.0,40850.04,36659.5
Job_042,9,3126.61,4190.542002293132,M6,40850.04,53.0,40903.04,36712.5
Job_043,0,3199.39,4542.164231901765,M2,40124.04,84.0,40208.04,35665.88
Job_043,1,3199.39,4542.164231901765,M1,40208.04,2.0,40210.04,35667.88
Job_043,2,3199.39,4542.164231901765,M5,40210.04,52.0,40262.04,35719.88
Job_043,3,3199.39,4542.164231901765,M3,40262.04,95.0,40357.04,35814.88
Job_043,4,3199.39,4542.164231901765,M8,40357.04,48.0,40405.04,35862.88
Job_043,5,3199.39,4542.164231901765,M9,40405.04,72.0,40477.04,35934.88
Job_043,6,3199.39,4542.164231901765,M0,40477.04,47.0,40524.04,35981.88
Job_043,7,3199.39,4542.164231901765,M6,40524.04,65.0,40589.04,36046.88
Job_043,8,3199.39,4542.164231901765,M4,40589.04,6.0,40595.04,36052.88
Job_043,9,3199.39,4542.164231901765,M7,40595.04,25.0,40620.04,36077.88
Job_044,0,3239.74,4365.937742885351,M1,39674.04,46.0,39720.04,35354.1
Job_044,1,3239.74,4365.937742885351,M0,39720.04,37.0,39757.04,35391.1
Job_044,2,3239.74,4365.937742885351,M3,40050.04,61.0,40111.04,35745.1
Job_044,3,3239.74,4365.937742885351,M2,40111.04,13.0,40124.04,35758.1
Job_044,4,3239.74,4365.937742885351,M6,40124.04,32.0,40156.04,35790.1
Job_044,5,3239.74,4365.937742885351,M5,40156.04,21.0,40177.04,35811.1
Job_044,6,3239.74,4365.937742885351,M9,40177.04,32.0,40209.04,35843.1
Job_044,7,3239.74,4365.937742885351,M8,40209.04,89.0,40298.04,35932.1
Job_044,8,3239.74,4365.937742885351,M7,40298.04,30.0,40328.04,35962.1
Job_044,9,3239.74,4365.937742885351,M4,40328.04,55.0,40383.04,36017.1
Job_045,0,3395.63,4854.814094748087,M2,39511.04,31.0,39542.04,34687.23
Job_045,1,3395.63,4854.814094748087,M0,39542.04,86.0,39628.04,34773.23
Job_045,2,3395.63,4854.814094748087,M1,39628.04,46.0,39674.04,34819.23
Job_045,3,3395.63,4854.814094748087,M5,39674.04,74.0,39748.04,34893.23
Job_045,4,3395.63,4854.814094748087,M4,39748.04,32.0,39780.04,34925.23
Job_045,5,3395.63,4854.814094748087,M6,39780.04,88.0,39868.04,35013.23
Job_045,6,3395.63,4854.814094748087,M8,39868.04,19.0,39887.04,35032.23
Job_045,7,3395.63,4854.814094748087,M9,39887.04,48.0,39935.04,35080.23
Job_045,8,3395.63,4854.814094748087,M7,39935.04,36.0,39971.04,35116.23
Job_045,9,3395.63,4854.814094748087,M3,39971.04,79.0,40050.04,35195.23
Job_046,0,3628.04,5244.242049284987,M0,38945.04,76.0,39021.04,33776.8
Job_046,1,3628.04,5244.242049284987,M1,39021.04,69.0,39090.04,33845.8
Job_046,2,3628.04,5244.242049284987,M3,39299.04,76.0,39375.04,34130.8
Job_046,3,3628.04,5244.242049284987,M5,39375.04,51.0,39426.04,34181.8
Job_046,4,3628.04,5244.242049284987,M2,39426.04,85.0,39511.04,34266.8
Job_046,5,3628.04,5244.242049284987,M9,39511.04,11.0,39522.04,34277.8
Job_046,6,3628.04,5244.242049284987,M6,39522.04,40.0,39562.04,34317.8
Job_046,7,3628.04,5244.242049284987,M7,39562.04,89.0,39651.04,34406.8
Job_046,8,3628.04,5244.242049284987,M4,39651.04,26.0,39677.04,34432.8
Job_046,9,3628.04,5244.242049284987,M8,39677.04,74.0,39751.04,34506.8
Job_047,0,3661.95,5123.841300860792,M1,38847.04,85.0,38932.04,33808.2
Job_047,1,3661.95,5123.841300860792,M0,38932.04,13.0,38945.04,33821.2
Job_047,2,3661.95,5123.841300860792,M2,38945.04,61.0,39006.04,33882.2
Job_047,3,3661.95,5123.841300860792,M6,39041.04,7.0,39048.04,33924.2
Job_047,4,3661.95,5123.841300860792,M8,39060.04,64.0,39124.04,34000.2
Job_047,5,3661.95,5123.841300860792,M9,39124.04,76.0,39200.04,34076.2
Job_047,6,3661.95,5123.841300860792,M5,39200.04,47.0,39247.04,34123.2
Job_047,7,3661.95,5123.841300860792,M3,39247.04,52.0,39299.04,34175.2
Job_047,8,3661.95,5123.841300860792,M4,39299.04,90.0,39389.04,34265.2
Job_047,9,3661.95,5123.841300860792,M7,39389.04,45.0,39434.04,34310.2
Job_048,0,3771.94,5231.124094748087,M2,38684.04,31.0,38715.04,33483.92
Job_048,1,3771.94,5231.124094748087,M0,38715.04,86.0,38801.04,33569.92
Job_048,2,3771.94,5231.124094748087,M1,38801.04,46.0,38847.04,33615.92
Job_048,3,3771.94,5231.124094748087,M5,38847.04,74.0,38921.04,33689.92
Job_048,4,3771.94,5231.124094748087,M4,38921.04,32.0,38953.04,33721.92
Job_048,5,3771.94,5231.124094748087,M6,38953.04,88.0,39041.04,33809.92
Job_048,6,3771.94,5231.124094748087,M8,39041.04,19.0,39060.04,33828.92
Job_048,7,3771.94,5231.124094748087,M9,39060.04,48.0,39108.04,33876.92
Job_048,8,3771.94,5231.124094748087,M7,39108.04,36.0,39144.04,33912.92
Job_048,9,3771.94,5231.124094748087,M3,39144.04,79.0,39223.04,33991.92
Job_049,0,3824.71,5440.912049284987,M0,38130.04,76.0,38206.04,32765.13
Job_049,1,3824.71,5440.912049284987,M1,38403.04,69.0,38472.04,33031.13
Job_049,2,3824.71,5440.912049284987,M3,38472.04,76.0,38548.04,33107.13
Job_049,3,3824.71,5440.912049284987,M5,38548.04,51.0,38599.04,33158.13
Job_049,4,3824.71,5440.912049284987,M2,38599.04,85.0,38684.04,33243.13
Job_049,5,3824.71,5440.912049284987,M9,38684.04,11.0,38695.04,33254.13
Job_049,6,3824.71,5440.912049284987,M6,38695.04,40.0,38735.04,33294.13
Job_049,7,3824.71,5440.912049284987,M7,38735.04,89.0,38824.04,33383.13
Job_049,8,3824.71,5440.912049284987,M4,38824.04,26.0,38850.04,33409.13
Job_049,9,3824.71,5440.912049284987,M8,38850.04,74.0,38924.04,33483.13
Job_050,0,3883.56,5264.235117479637,M0,38087.04,43.0,38130.04,32865.8
Job_050,1,3883.56,5264.235117479637,M2,38130.04,90.0,38220.04,32955.8
Job_050,2,3883.56,5264.235117479637,M4,38220.04,75.0,38295.04,33030.8
Job_050,3,3883.56,5264.235117479637,M9,38295.04,11.0,38306.04,33041.8
Job_050,4,3883.56,5264.235117479637,M3,38306.04,69.0,38375.04,33110.8
Job_050,5,3883.56,5264.235117479637,M1,38375.04,28.0,38403.04,33138.8
Job_050,6,3883.56,5264.235117479637,M6,38403.04,46.0,38449.04,33184.8
Job_050,7,3883.56,5264.235117479637,M5,38449.04,46.0,38495.04,33230.8
Job_050,8,3883.56,5264.235117479637,M7,38495.04,72.0,38567.04,33302.8
Job_050,9,3883.56,5264.235117479637,M8,38567.04,30.0,38597.04,33332.8
Job_051,0,4065.73,5408.504231901765,M2,36976.04,84.0,37060.04,31651.54
Job_051,1,4065.73,5408.504231901765,M1,37060.04,2.0,37062.04,31653.54
Job_051,2,4065.73,5408.504231901765,M5,37773.04,52.0,37825.04,32416.54
Job_051,3,4065.73,5408.504231901765,M3,37825.04,95.0,37920.04,32511.54
Job_051,4,4065.73,5408.504231901765,M8,37920.04,48.0,37968.04,32559.54
Job_051,5,4065.73,5408.504231901765,M9,37968.04,72.0,38040.04,32631.54
Job_051,6,4065.73,5408.504231901765,M0,38040.04,47.0,38087.04,32678.54
Job_051,7,4065.73,5408.504231901765,M6,38087.04,65.0,38152.04,32743.54
Job_051,8,4065.73,5408.504231901765,M4,38152.04,6.0,38158.04,32749.54
Job_051,9,4065.73,5408.504231901765,M7,38158.04,25.0,38183.04,32774.54
Job_052,0,4070.89,5844.1100038218865,M1,36800.04,81.0,36881.04,31036.93
Job_052,1,4070.89,5844.1100038218865,M2,36881.04,95.0,36976.04,31131.93
Job_052,2,4070.89,5844.1100038218865,M0,36976.04,71.0,37047.04,31202.93
Job_052,3,4070.89,5844.1100038218865,M4,37269.04,99.0,37368.04,31523.93
Job_052,4,4070.89,5844.1100038218865,M6,37464.04,9.0,37473.04,31628.93
Job_052,5,4070.89,5844.1100038218865,M8,37473.04,52.0,37525.04,31680.93
Job_052,6,4070.89,5844.1100038218865,M7,37525.04,85.0,37610.04,31765.93
Job_052,7,4070.89,5844.1100038218865,M3,37610.04,98.0,37708.04,31863.93
Job_052,8,4070.89,5844.1100038218865,M9,37708.04,22.0,37730.04,31885.93
Job_052,9,4070.89,5844.1100038218865,M5,37730.04,43.0,37773.04,31928.93
Job_053,0,4077.28,5141.212002293132,M2,36758.04,14.0,36772.04,31630.83
Job_053,1,4077.28,5141.212002293132,M0,36772.04,6.0,36778.04,31636.83
Job_053,2,4077.28,5141.212002293132,M1,36778.04,22.0,36800.04,31658.83
Job_053,3,4077.28,5141.212002293132,M5,37021.04,61.0,37082.04,31940.83
Job_053,4,4077.28,5141.212002293132,M3,37082.04,26.0,37108.04,31966.83
Job_053,5,4077.28,5141.212002293132,M4,37200.04,69.0,37269.04,32127.83
Job_053,6,4077.28,5141.212002293132,M8,37269.04,21.0,37290.04,32148.83
Job_053,7,4077.28,5141.212002293132,M7,37290.04,49.0,37339.04,32197.83
Job_053,8,4077.28,5141.212002293132,M9,37339.04,72.0,37411.04,32269.83
Job_053,9,4077.28,5141.212002293132,M6,37411.04,53.0,37464.04,32322.83
Job_054,0,4078.72,5616.413072016537,M1,36308.04,91.0,36399.04,30782.63
Job_054,1,4078.72,5616.413072016537,M0,36399.04,85.0,36484.04,30867.63
Job_054,2,4078.72,5616.413072016537,M3,36645.04,39.0,36684.04,31067.63
Job_054,3,4078.72,5616.413072016537,M2,36684.04,74.0,36758.04,31141.63
Job_054,4,4078.72,5616.413072016537,M8,36921.04,90.0,37011.04,31394.63
Job_054,5,4078.72,5616.413072016537,M5,37011.04,10.0,37021.04,31404.63
Job_054,6,4078.72,5616.413072016537,M7,37021.04,12.0,37033.04,31416.63
Job_054,7,4078.72,5616.413072016537,M6,37033.04,89.0,37122.04,31505.63
Job_054,8,4078.72,5616.413072016537,M9,37122.04,45.0,37167.04,31550.63
Job_054,9,4078.72,5616.413072016537,M4,37167.04,33.0,37200.04,31583.63
Job_055,0,4204.04,5273.386414518543,M0,36201.04,29.0,36230.04,30956.65
Job_055,1,4204.04,5273.386414518543,M1,36230.04,78.0,36308.04,31034.65
Job_055,2,4204.04,5273.386414518543,M2,36308.04,9.0,36317.04,31043.65
Job_055,3,4204.04,5273.386414518543,M3,36609.04,36.0,36645.04,31371.65
Job_055,4,4204.04,5273.386414518543,M4,36699.04,49.0,36748.04,31474.65
Job_055,5,4204.04,5273.386414518543,M5,36748.04,11.0,36759.04,31485.65
Job_055,6,4204.04,5273.386414518543,M6,36759.04,62.0,36821.04,31547.65
Job_055,7,4204.04,5273.386414518543,M7,36821.04,56.0,36877.04,31603.65
Job_055,8,4204.04,5273.386414518543,M8,36877.04,44.0,36921.04,31647.65
Job_055,9,4204.04,5273.386414518543,M9,36921.04,21.0,36942.04,31668.65
Job_056,0,4309.61,5771.501300860792,M1,36103.04,85.0,36188.04,30416.54
Job_056,1,4309.61,5771.501300860792,M0,36188.04,13.0,36201.04,30429.54
Job_056,2,4309.61,5771.501300860792,M2,36201.04,61.0,36262.04,30490.54
Job_056,3,4309.61,5771.501300860792,M6,36270.04,7.0,36277.04,30505.54
Job_056,4,4309.61,5771.501300860792,M8,36370.04,64.0,36434.04,30662.54
Job_056,5,4309.61,5771.501300860792,M9,36434.04,76.0,36510.04,30738.54
Job_056,6,4309.61,5771.501300860792,M5,36510.04,47.0,36557.04,30785.54
Job_056,7,4309.61,5771.501300860792,M3,36557.04,52.0,36609.04,30837.54
Job_056,8,4309.61,5771.501300860792,M4,36609.04,90.0,36699.04,30927.54
Job_056,9,4309.61,5771.501300860792,M7,36699.04,45.0,36744.04,30972.54
Job_057,0,4320.0,5389.346414518543,M0,35230.04,29.0,35259.04,29869.69
Job_057,1,4320.0,5389.346414518543,M1,36025.04,78.0,36103.04,30713.69
Job_057,2,4320.0,5389.346414518543,M2,36103.04,9.0,36112.04,30722.69
Job_057,3,4320.0,5389.346414518543,M3,36112.04,36.0,36148.04,30758.69
Job_057,4,4320.0,5389.346414518543,M4,36148.04,49.0,36197.04,30807.69
Job_057,5,4320.0,5389.346414518543,M5,36197.04,11.0,36208.04,30818.69
Job_057,6,4320.0,5389.346414518543,M6,36208.04,62.0,36270.04,30880.69
Job_057,7,4320.0,5389.346414518543,M7,36270.04,56.0,36326.04,30936.69
Job_057,8,4320.0,5389.346414518543,M8,36326.04,44.0,36370.04,30980.69
Job_057,9,4320.0,5389.346414518543,M9,36370.04,21.0,36391.04,31001.69
Job_058,0,4408.05,5788.725117479637,M0,35187.04,43.0,35230.04,29441.31
Job_058,1,4408.05,5788.725117479637,M2,35563.04,90.0,35653.04,29864.31
Job_058,2,4408.05,5788.725117479637,M4,35842.04,75.0,35917.04,30128.31
Job_058,3,4408.05,5788.725117479637,M9,35917.04,11.0,35928.04,30139.31
Job_058,4,4408.05,5788.725117479637,M3,35928.04,69.0,35997.04,30208.31
Job_058,5,4408.05,5788.725117479637,M1,35997.04,28.0,36025.04,30236.31
Job_058,6,4408.05,5788.725117479637,M6,36025.04,46.0,36071.04,30282.31
Job_058,7,4408.05,5788.725117479637,M5,36071.04,46.0,36117.04,30328.31
Job_058,8,4408.05,5788.725117479637,M7,36117.04,72.0,36189.04,30400.31
Job_058,9,4408.05,5788.725117479637,M8,36189.04,30.0,36219.04,30430.31
Job_059,0,4472.78,6010.473072016537,M1,34936.04,91.0,35027.04,29016.57
Job_059,1,4472.78,6010.473072016537,M0,35102.04,85.0,35187.04,29176.57
Job_059,2,4472.78,6010.473072016537,M3,35450.04,39.0,35489.04,29478.57
Job_059,3,4472.78,6010.473072016537,M2,35489.04,74.0,35563.04,29552.57
Job_059,4,4472.78,6010.473072016537,M8,35563.04,90.0,35653.04,29642.57
Job_059,5,4472.78,6010.473072016537,M5,35653.04,10.0,35663.04,29652.57
Job_059,6,4472.78,6010.473072016537,M7,35663.04,12.0,35675.04,29664.57
Job_059,7,4472.78,6010.473072016537,M6,35675.04,89.0,35764.04,29753.57
Job_059,8,4472.78,6010.473072016537,M9,35764.04,45.0,35809.04,29798.57
Job_059,9,4472.78,6010.473072016537,M4,35809.04,33.0,35842.04,29831.57
Job_060,0,4527.97,6301.190003821887,M1,34855.04,81.0,34936.04,28634.85
Job_060,1,4527.97,6301.190003821887,M2,34936.04,95.0,35031.04,28729.85
Job_060,2,4527.97,6301.190003821887,M0,35031.04,71.0,35102.04,28800.85
Job_060,3,4527.97,6301.190003821887,M4,35102.04,99.0,35201.04,28899.85
Job_060,4,4527.97,6301.190003821887,M6,35206.04,9.0,35215.04,28913.85
Job_060,5,4527.97,6301.190003821887,M8,35215.04,52.0,35267.04,28965.85
Job_060,6,4527.97,6301.190003821887,M7,35267.04,85.0,35352.04,29050.85
Job_060,7,4527.97,6301.190003821887,M3,35352.04,98.0,35450.04,29148.85
Job_060,8,4527.97,6301.190003821887,M9,35450.04,22.0,35472.04,29170.85
Job_060,9,4527.97,6301.190003821887,M5,35472.04,43.0,35515.04,29213.85
Job_061,0,4566.61,5630.542002293132,M2,34511.04,14.0,34525.04,28894.5
Job_061,1,4566.61,5630.542002293132,M0,34827.04,6.0,34833.04,29202.5
Job_061,2,4566.61,5630.542002293132,M1,34833.04,22.0,34855.04,29224.5
Job_061,3,4566.61,5630.542002293132,M5,34855.04,61.0,34916.04,29285.5
Job_061,4,4566.61,5630.542002293132,M3,34916.04,26.0,34942.04,29311.5
Job_061,5,4566.61,5630.542002293132,M4,34942.04,69.0,35011.04,29380.5
Job_061,6,4566.61,5630.542002293132,M8,35011.04,21.0,35032.04,29401.5
Job_061,7,4566.61,5630.542002293132,M7,35032.04,49.0,35081.04,29450.5
Job_061,8,4566.61,5630.542002293132,M9,35081.04,72.0,35153.04,29522.5
Job_061,9,4566.61,5630.542002293132,M6,35153.04,53.0,35206.04,29575.5
Job_062,0,4639.39,5982.164231901765,M2,34427.04,84.0,34511.04,28528.88
Job_062,1,4639.39,5982.164231901765,M1,34511.04,2.0,34513.04,28530.88
Job_062,2,4639.39,5982.164231901765,M5,34513.04,52.0,34565.04,28582.88
Job_062,3,4639.39,5982.164231901765,M3,34565.04,95.0,34660.04,28677.88
Job_062,4,4639.39,5982.164231901765,M8,34660.04,48.0,34708.04,28725.88
Job_062,5,4639.39,5982.164231901765,M9,34708.04,72.0,34780.04,28797.88
Job_062,6,4639.39,5982.164231901765,M0,34780.04,47.0,34827.04,28844.88
Job_062,7,4639.39,5982.164231901765,M6,34827.04,65.0,34892.04,28909.88
Job_062,8,4639.39,5982.164231901765,M4,34892.04,6.0,34898.04,28915.88
Job_062,9,4639.39,5982.164231901765,M7,34898.04,25.0,34923.04,28940.88
Job_063,0,4679.74,5805.937742885351,M1,33977.04,46.0,34023.04,28217.1
Job_063,1,4679.74,5805.937742885351,M0,34023.04,37.0,34060.04,28254.1
Job_063,2,4679.74,5805.937742885351,M3,34353.04,61.0,34414.04,28608.1
Job_063,3,4679.74,5805.937742885351,M2,34414.04,13.0,34427.04,28621.1
Job_063,4,4679.74,5805.937742885351,M6,34427.04,32.0,34459.04,28653.1
Job_063,5,4679.74,5805.937742885351,M5,34459.04,21.0,34480.04,28674.1
Job_063,6,4679.74,5805.937742885351,M9,34480.04,32.0,34512.04,28706.1
Job_063,7,4679.74,5805.937742885351,M8,34512.04,89.0,34601.04,28795.1
Job_063,8,4679.74,5805.937742885351,M7,34601.04,30.0,34631.04,28825.1
Job_063,9,4679.74,5805.937742885351,M4,34631.04,55.0,34686.04,28880.1
Job_064,0,4835.63,6294.814094748087,M2,33814.04,31.0,33845.04,27550.23
Job_064,1,4835.63,6294.814094748087,M0,33845.04,86.0,33931.04,27636.23
Job_064,2,4835.63,6294.814094748087,M1,33931.04,46.0,33977.04,27682.23
Job_064,3,4835.63,6294.814094748087,M5,33977.04,74.0,34051.04,27756.23
Job_064,4,4835.63,6294.814094748087,M4,34051.04,32.0,34083.04,27788.23
Job_064,5,4835.63,6294.814094748087,M6,34083.04,88.0,34171.04,27876.23
Job_064,6,4835.63,6294.814094748087,M8,34171.04,19.0,34190.04,27895.23
Job_064,7,4835.63,6294.814094748087,M9,34190.04,48.0,34238.04,27943.23
Job_064,8,4835.63,6294.814094748087,M7,34238.04,36.0,34274.04,27979.23
Job_064,9,4835.63,6294.814094748087,M3,34274.04,79.0,34353.04,28058.23
Job_065,0,5068.04,6684.242049284987,M0,33248.04,76.0,33324.04,26639.8
Job_065,1,5068.04,6684.242049284987,M1,33324.04,69.0,33393.04,26708.8
Job_065,2,5068.04,6684.242049284987,M3,33602.04,76.0,33678.04,26993.8
Job_065,3,5068.04,6684.242049284987,M5,33678.04,51.0,33729.04,27044.8
Job_065,4,5068.04,6684.242049284987,M2,33729.04,85.0,33814.04,27129.8
Job_065,5,5068.04,6684.242049284987,M9,33814.04,11.0,33825.04,27140.8
Job_065,6,5068.04,6684.242049284987,M6,33825.04,40.0,33865.04,27180.8
Job_065,7,5068.04,6684.242049284987,M7,33865.04,89.0,33954.04,27269.8
Job_065,8,5068.04,6684.242049284987,M4,33954.04,26.0,33980.04,27295.8
Job_065,9,5068.04,6684.242049284987,M8,33980.04,74.0,34054.04,27369.8
Job_066,0,5101.95,6563.841300860792,M1,33150.04,85.0,33235.04,26671.2
Job_066,1,5101.95,6563.841300860792,M0,33235.04,13.0,33248.04,26684.2
Job_066,2,5101.95,6563.841300860792,M2,33248.04,61.0,33309.04,26745.2
Job_066,3,5101.95,6563.841300860792,M6,33344.04,7.0,33351.04,26787.2
Job_066,4,5101.95,6563.841300860792,M8,33363.04,64.0,33427.04,26863.2
Job_066,5,5101.95,6563.841300860792,M9,33427.04,76.0,33503.04,26939.2
Job_066,6,5101.95,6563.841300860792,M5,33503.04,47.0,33550.04,26986.2
Job_066,7,5101.95,6563.841300860792,M3,33550.04,52.0,33602.04,27038.2
Job_066,8,5101.95,6563.841300860792,M4,33602.04,90.0,33692.04,27128.2
Job_066,9,5101.95,6563.841300860792,M7,33692.04,45.0,33737.04,27173.2
Job_067,0,5211.94,6671.1240947480865,M2,32987.04,31.0,33018.04,26346.92
Job_067,1,5211.94,6671.1240947480865,M0,33018.04,86.0,33104.04,26432.92
Job_067,2,5211.94,6671.1240947480865,M1,33104.04,46.0,33150.04,26478.92
Job_067,3,5211.94,6671.1240947480865,M5,33150.04,74.0,33224.04,26552.92
Job_067,4,5211.94,6671.1240947480865,M4,33224.04,32.0,33256.04,26584.92
Job_067,5,5211.94,6671.1240947480865,M6,33256.04,88.0,33344.04,26672.92
Job_067,6,5211.94,6671.1240947480865,M8,33344.04,19.0,33363.04,26691.92
Job_067,7,5211.94,6671.1240947480865,M9,33363.04,48.0,33411.04,26739.92
Job_067,8,5211.94,6671.1240947480865,M7,33411.04,36.0,33447.04,26775.92
Job_067,9,5211.94,6671.1240947480865,M3,33447.04,79.0,33526.04,26854.92
Job_068,0,5264.71,6880.912049284987,M0,32433.04,76.0,32509.04,25628.13
Job_068,1,5264.71,6880.912049284987,M1,32706.04,69.0,32775.04,25894.13
Job_068,2,5264.71,6880.912049284987,M3,32775.04,76.0,32851.04,25970.13
Job_068,3,5264.71,6880.912049284987,M5,32851.04,51.0,32902.04,26021.13
Job_068,4,5264.71,6880.912049284987,M2,32902.04,85.0,32987.04,26106.13
Job_068,5,5264.71,6880.912049284987,M9,32987.04,11.0,32998.04,26117.13
Job_068,6,5264.71,6880.912049284987,M6,32998.04,40.0,33038.04,26157.13
Job_068,7,5264.71,6880.912049284987,M7,33038.04,89.0,33127.04,26246.13
Job_068,8,5264.71,6880.912049284987,M4,33127.04,26.0,33153.04,26272.13
Job_068,9,5264.71,6880.912049284987,M8,33153.04,74.0,33227.04,26346.13
Job_069,0,5323.56,6704.235117479638,M0,32390.04,43.0,32433.04,25728.8
Job_069,1,5323.56,6704.235117479638,M2,32433.04,90.0,32523.04,25818.8
Job_069,2,5323.56,6704.235117479638,M4,32523.04,75.0,32598.04,25893.8
Job_069,3,5323.56,6704.235117479638,M9,32598.04,11.0,32609.04,25904.8
Job_069,4,5323.56,6704.235117479638,M3,32609.04,69.0,32678.04,25973.8
Job_069,5,5323.56,6704.235117479638,M1,32678.04,28.0,32706.04,26001.8
Job_069,6,5323.56,6704.235117479638,M6,32706.04,46.0,32752.04,26047.8
Job_069,7,5323.56,6704.235117479638,M5,32752.04,46.0,32798.04,26093.8
Job_069,8,5323.56,6704.235117479638,M7,32798.04,72.0,32870.04,26165.8
Job_069,9,5323.56,6704.235117479638,M8,32870.04,30.0,32900.04,26195.8
Job_070,0,5505.73,6848.504231901765,M2,31279.04,84.0,31363.04,24514.54
Job_070,1,5505.73,6848.504231901765,M1,31363.04,2.0,31365.04,24516.54
Job_070,2,5505.73,6848.504231901765,M5,32076.04,52.0,32128.04,25279.54
Job_070,3,5505.73,6848.504231901765,M3,32128.04,95.0,32223.04,25374.54
Job_070,4,5505.73,6848.504231901765,M8,32223.04,48.0,32271.04,25422.54
Job_070,5,5505.73,6848.504231901765,M9,32271.04,72.0,32343.04,25494.54
Job_070,6,5505.73,6848.504231901765,M0,32343.04,47.0,32390.04,25541.54
Job_070,7,5505.73,6848.504231901765,M6,32390.04,65.0,32455.04,25606.54
Job_070,8,5505.73,6848.504231901765,M4,32455.04,6.0,32461.04,25612.54
Job_070,9,5505.73,6848.504231901765,M7,32461.04,25.0,32486.04,25637.54
Job_071,0,5510.89,7284.110003821887,M1,31103.04,81.0,31184.04,23899.93
Job_071,1,5510.89,7284.110003821887,M2,31184.04,95.0,31279.04,23994.93
Job_071,2,5510.89,7284.110003821887,M0,31279.04,71.0,31350.04,24065.93
Job_071,3,5510.89,7284.110003821887,M4,31572.04,99.0,31671.04,24386.93
Job_071,4,5510.89,7284.110003821887,M6,31767.04,9.0,31776.04,24491.93
Job_071,5,5510.89,7284.110003821887,M8,31776.04,52.0,31828.04,24543.93
Job_071,6,5510.89,7284.110003821887,M7,31828.04,85.0,31913.04,24628.93
Job_071,7,5510.89,7284.110003821887,M3,31913.04,98.0,32011.04,24726.93
Job_071,8,5510.89,7284.110003821887,M9,32011.04,22.0,32033.04,24748.93
Job_071,9,5510.89,7284.110003821887,M5,32033.04,43.0,32076.04,24791.93
Job_072,0,5517.28,6581.212002293132,M2,31061.04,14.0,31075.04,24493.83
Job_072,1,5517.28,6581.212002293132,M0,31075.04,6.0,31081.04,24499.83
Job_072,2,5517.28,6581.212002293132,M1,31081.04,22.0,31103.04,24521.83
Job_072,3,5517.28,6581.212002293132,M5,31324.04,61.0,31385.04,24803.83
Job_072,4,5517.28,6581.212002293132,M3,31385.04,26.0,31411.04,24829.83
Job_072,5,5517.28,6581.212002293132,M4,31503.04,69.0,31572.04,24990.83
Job_072,6,5517.28,6581.212002293132,M8,31572.04,21.0,31593.04,25011.83
Job_072,7,5517.28,6581.212002293132,M7,31593.04,49.0,31642.04,25060.83
Job_072,8,5517.28,6581.212002293132,M9,31642.04,72.0,31714.04,25132.83
Job_072,9,5517.28,6581.212002293132,M6,31714.04,53.0,31767.04,25185.83
Job_073,0,5518.72,7056.413072016538,M1,30611.04,91.0,30702.04,23645.63
Job_073,1,5518.72,7056.413072016538,M0,30702.04,85.0,30787.04,23730.63
Job_073,2,5518.72,7056.413072016538,M3,30948.04,39.0,30987.04,23930.63
Job_073,3,5518.72,7056.413072016538,M2,30987.04,74.0,31061.04,24004.63
Job_073,4,5518.72,7056.413072016538,M8,31224.04,90.0,31314.04,24257.63
Job_073,5,5518.72,7056.413072016538,M5,31314.04,10.0,31324.04,24267.63
Job_073,6,5518.72,7056.413072016538,M7,31324.04,12.0,31336.04,24279.63
Job_073,7,5518.72,7056.413072016538,M6,31336.04,89.0,31425.04,24368.63
Job_073,8,5518.72,7056.413072016538,M9,31425.04,45.0,31470.04,24413.63
Job_073,9,5518.72,7056.413072016538,M4,31470.04,33.0,31503.04,24446.63
Job_074,0,5644.04,6713.386414518543,M0,30504.04,29.0,30533.04,23819.65
Job_074,1,5644.04,6713.386414518543,M1,30533.04,78.0,30611.04,23897.65
Job_074,2,5644.04,6713.386414518543,M2,30611.04,9.0,30620.04,23906.65
Job_074,3,5644.04,6713.386414518543,M3,30912.04,36.0,30948.04,24234.65
Job_074,4,5644.04,6713.386414518543,M4,31002.04,49.0,31051.04,24337.65
Job_074,5,5644.04,6713.386414518543,M5,31051.04,11.0,31062.04,24348.65
Job_074,6,5644.04,6713.386414518543,M6,31062.04,62.0,31124.04,24410.65
Job_074,7,5644.04,6713.386414518543,M7,31124.04,56.0,31180.04,24466.65
Job_074,8,5644.04,6713.386414518543,M8,31180.04,44.0,31224.04,24510.65
Job_074,9,5644.04,6713.386414518543,M9,31224.04,21.0,31245.04,24531.65
Job_075,0,5749.61,7211.501300860792,M1,30406.04,85.0,30491.04,23279.54
Job_075,1,5749.61,7211.501300860792,M0,30491.04,13.0,30504.04,23292.54
Job_075,2,5749.61,7211.501300860792,M2,30504.04,61.0,30565.04,23353.54
Job_075,3,5749.61,7211.501300860792,M6,30573.04,7.0,30580.04,23368.54
Job_075,4,5749.61,7211.501300860792,M8,30673.04,64.0,30737.04,23525.54
Job_075,5,5749.61,7211.501300860792,M9,30737.04,76.0,30813.04,23601.54
Job_075,6,5749.61,7211.501300860792,M5,30813.04,47.0,30860.04,23648.54
Job_075,7,5749.61,7211.501300860792,M3,30860.04,52.0,30912.04,23700.54
Job_075,8,5749.61,7211.501300860792,M4,30912.04,90.0,31002.04,23790.54
Job_075,9,5749.61,7211.501300860792,M7,31002.04,45.0,31047.04,23835.54
Job_076,0,5760.0,6829.346414518543,M0,29533.04,29.0,29562.04,22732.69
Job_076,1,5760.0,6829.346414518543,M1,30328.04,78.0,30406.04,23576.69
Job_076,2,5760.0,6829.346414518543,M2,30406.04,9.0,30415.04,23585.69
Job_076,3,5760.0,6829.346414518543,M3,30415.04,36.0,30451.04,23621.69
Job_076,4,5760.0,6829.346414518543,M4,30451.04,49.0,30500.04,23670.69
Job_076,5,5760.0,6829.346414518543,M5,30500.04,11.0,30511.04,23681.69
Job_076,6,5760.0,6829.346414518543,M6,30511.04,62.0,30573.04,23743.69
Job_076,7,5760.0,6829.346414518543,M7,30573.04,56.0,30629.04,23799.69
Job_076,8,5760.0,6829.346414518543,M8,30629.04,44.0,30673.04,23843.69
Job_076,9,5760.0,6829.346414518543,M9,30673.04,21.0,30694.04,23864.69
Job_077,0,5848.05,7228.725117479637,M0,29490.04,43.0,29533.04,22304.31
Job_077,1,5848.05,7228.725117479637,M2,29866.04,90.0,29956.04,22727.31
Job_077,2,5848.05,7228.725117479637,M4,30145.04,75.0,30220.04,22991.31
Job_077,3,5848.05,7228.725117479637,M9,30220.04,11.0,30231.04,23002.31
Job_077,4,5848.05,7228.725117479637,M3,30231.04,69.0,30300.04,23071.31
Job_077,5,5848.05,7228.725117479637,M1,30300.04,28.0,30328.04,23099.31
Job_077,6,5848.05,7228.725117479637,M6,30328.04,46.0,30374.04,23145.31
Job_077,7,5848.05,7228.725117479637,M5,30374.04,46.0,30420.04,23191.31
Job_077,8,5848.05,7228.725117479637,M7,30420.04,72.0,30492.04,23263.31
Job_077,9,5848.05,7228.725117479637,M8,30492.04,30.0,30522.04,23293.31
Job_078,0,5912.78,7450.473072016537,M1,29239.04,91.0,29330.04,21879.57
Job_078,1,5912.78,7450.473072016537,M0,29405.04,85.0,29490.04,22039.57
Job_078,2,5912.78,7450.473072016537,M3,29753.04,39.0,29792.04,22341.57
Job_078,3,5912.78,7450.473072016537,M2,29792.04,74.0,29866.04,22415.57
Job_078,4,5912.78,7450.473072016537,M8,29866.04,90.0,29956.04,22505.57
Job_078,5,5912.78,7450.473072016537,M5,29956.04,10.0,29966.04,22515.57
Job_078,6,5912.78,7450.473072016537,M7,29966.04,12.0,29978.04,22527.57
Job_078,7,5912.78,7450.473072016537,M6,29978.04,89.0,30067.04,22616.57
Job_078,8,5912.78,7450.473072016537,M9,30067.04,45.0,30112.04,22661.57
Job_078,9,5912.78,7450.473072016537,M4,30112.04,33.0,30145.04,22694.57
Job_079,0,5967.97,7741.190003821887,M1,29158.04,81.0,29239.04,21497.85
Job_079,1,5967.97,7741.190003821887,M2,29239.04,95.0,29334.04,21592.85
Job_079,2,5967.97,7741.190003821887,M0,29334.04,71.0,29405.04,21663.85
Job_079,3,5967.97,7741.190003821887,M4,29405.04,99.0,29504.04,21762.85
Job_079,4,5967.97,7741.190003821887,M6,29509.04,9.0,29518.04,21776.85
Job_079,5,5967.97,7741.190003821887,M8,29518.04,52.0,29570.04,21828.85
Job_079,6,5967.97,7741.190003821887,M7,29570.04,85.0,29655.04,21913.85
Job_079,7,5967.97,7741.190003821887,M3,29655.04,98.0,29753.04,22011.85
Job_079,8,5967.97,7741.190003821887,M9,29753.04,22.0,29775.04,22033.85
Job_079,9,5967.97,7741.190003821887,M5,29775.04,43.0,29818.04,22076.85
Job_080,0,6006.61,7070.542002293132,M2,28814.04,14.0,28828.04,21757.5
Job_080,1,6006.61,7070.542002293132,M0,29130.04,6.0,29136.04,22065.5
Job_080,2,6006.61,7070.542002293132,M1,29136.04,22.0,29158.04,22087.5
Job_080,3,6006.61,7070.542002293132,M5,29158.04,61.0,29219.04,22148.5
Job_080,4,6006.61,7070.542002293132,M3,29219.04,26.0,29245.04,22174.5
Job_080,5,6006.61,7070.542002293132,M4,29245.04,69.0,29314.04,22243.5
Job_080,6,6006.61,7070.542002293132,M8,29314.04,21.0,29335.04,22264.5
Job_080,7,6006.61,7070.542002293132,M7,29335.04,49.0,29384.04,22313.5
Job_080,8,6006.61,7070.542002293132,M9,29384.04,72.0,29456.04,22385.5
Job_080,9,6006.61,7070.542002293132,M6,29456.04,53.0,29509.04,22438.5
Job_081,0,6079.39,7422.164231901765,M2,28730.04,84.0,28814.04,21391.88
Job_081,1,6079.39,7422.164231901765,M1,28814.04,2.0,28816.04,21393.88
Job_081,2,6079.39,7422.164231901765,M5,28816.04,52.0,28868.04,21445.88
Job_081,3,6079.39,7422.164231901765,M3,28868.04,95.0,28963.04,21540.88
Job_081,4,6079.39,7422.164231901765,M8,28963.04,48.0,29011.04,21588.88
Job_081,5,6079.39,7422.164231901765,M9,29011.04,72.0,29083.04,21660.88
Job_081,6,6079.39,7422.164231901765,M0,29083.04,47.0,29130.04,21707.88
Job_081,7,6079.39,7422.164231901765,M6,29130.04,65.0,29195.04,21772.88
Job_081,8,6079.39,7422.164231901765,M4,29195.04,6.0,29201.04,21778.88
Job_081,9,6079.39,7422.164231901765,M7,29201.04,25.0,29226.04,21803.88
Job_082,0,6119.74,7245.937742885351,M1,28280.04,46.0,28326.04,21080.1
Job_082,1,6119.74,7245.937742885351,M0,28326.04,37.0,28363.04,21117.1
Job_082,2,6119.74,7245.937742885351,M3,28656.04,61.0,28717.04,21471.1
Job_082,3,6119.74,7245.937742885351,M2,28717.04,13.0,28730.04,21484.1
Job_082,4,6119.74,7245.937742885351,M6,28730.04,32.0,28762.04,21516.1
Job_082,5,6119.74,7245.937742885351,M5,28762.04,21.0,28783.04,21537.1
Job_082,6,6119.74,7245.937742885351,M9,28783.04,32.0,28815.04,21569.1
Job_082,7,6119.74,7245.937742885351,M8,28815.04,89.0,28904.04,21658.1
Job_082,8,6119.74,7245.937742885351,M7,28904.04,30.0,28934.04,21688.1
Job_082,9,6119.74,7245.937742885351,M4,28934.04,55.0,28989.04,21743.1
Job_083,0,6275.63,7734.814094748087,M2,28117.04,31.0,28148.04,20413.23
Job_083,1,6275.63,7734.814094748087,M0,28148.04,86.0,28234.04,20499.23
Job_083,2,6275.63,7734.814094748087,M1,28234.04,46.0,28280.04,20545.23
Job_083,3,6275.63,7734.814094748087,M5,28280.04,74.0,28354.04,20619.23
Job_083,4,6275.63,7734.814094748087,M4,28354.04,32.0,28386.04,20651.23
Job_083,5,6275.63,7734.814094748087,M6,28386.04,88.0,28474.04,20739.23
Job_083,6,6275.63,7734.814094748087,M8,28474.04,19.0,28493.04,20758.23
Job_083,7,6275.63,7734.814094748087,M9,28493.04,48.0,28541.04,20806.23
Job_083,8,6275.63,7734.814094748087,M7,28541.04,36.0,28577.04,20842.23
Job_083,9,6275.63,7734.814094748087,M3,28577.04,79.0,28656.04,20921.23
Job_084,0,6508.04,8124.242049284987,M0,27551.04,76.0,27627.04,19502.8
Job_084,1,6508.04,8124.242049284987,M1,27627.04,69.0,27696.04,19571.8
Job_084,2,6508.04,8124.242049284987,M3,27905.04,76.0,27981.04,19856.8
Job_084,3,6508.04,8124.242049284987,M5,27981.04,51.0,28032.04,19907.8
Job_084,4,6508.04,8124.242049284987,M2,28032.04,85.0,28117.04,19992.8
Job_084,5,6508.04,8124.242049284987,M9,28117.04,11.0,28128.04,20003.8
Job_084,6,6508.04,8124.242049284987,M6,28128.04,40.0,28168.04,20043.8
Job_084,7,6508.04,8124.242049284987,M7,28168.04,89.0,28257.04,20132.8
Job_084,8,6508.04,8124.242049284987,M4,28257.04,26.0,28283.04,20158.8
Job_084,9,6508.04,8124.242049284987,M8,28283.04,74.0,28357.04,20232.8
Job_085,0,6541.95,8003.841300860792,M1,27453.04,85.0,27538.04,19534.2
Job_085,1,6541.95,8003.841300860792,M0,27538.04,13.0,27551.04,19547.2
Job_085,2,6541.95,8003.841300860792,M2,27551.04,61.0,27612.04,19608.2
Job_085,3,6541.95,8003.841300860792,M6,27647.04,7.0,27654.04,19650.2
Job_085,4,6541.95,8003.841300860792,M8,27666.04,64.0,27730.04,19726.2
Job_085,5,6541.95,8003.841300860792,M9,27730.04,76.0,27806.04,19802.2
Job_085,6,6541.95,8003.841300860792,M5,27806.04,47.0,27853.04,19849.2
Job_085,7,6541.95,8003.841300860792,M3,27853.04,52.0,27905.04,19901.2
Job_085,8,6541.95,8003.841300860792,M4,27905.04,90.0,27995.04,19991.2
Job_085,9,6541.95,8003.841300860792,M7,27995.04,45.0,28040.04,20036.2
Job_086,0,6651.94,8111.1240947480865,M2,27290.04,31.0,27321.04,19209.92
Job_086,1,6651.94,8111.1240947480865,M0,27321.04,86.0,27407.04,19295.92
Job_086,2,6651.94,8111.1240947480865,M1,27407.04,46.0,27453.04,19341.92
Job_086,3,6651.94,8111.1240947480865,M5,27453.04,74.0,27527.04,19415.92
Job_086,4,6651.94,8111.1240947480865,M4,27527.04,32.0,27559.04,19447.92
Job_086,5,6651.94,8111.1240947480865,M6,27559.04,88.0,27647.04,19535.92
Job_086,6,6651.94,8111.1240947480865,M8,27647.04,19.0,27666.04,19554.92
Job_086,7,6651.94,8111.1240947480865,M9,27666.04,48.0,27714.04,19602.92
Job_086,8,6651.94,8111.1240947480865,M7,27714.04,36.0,27750.04,19638.92
Job_086,9,6651.94,8111.1240947480865,M3,27750.04,79.0,27829.04,19717.92
Job_087,0,6704.71,8320.912049284987,M0,26736.04,76.0,26812.04,18491.13
Job_087,1,6704.71,8320.912049284987,M1,27009.04,69.0,27078.04,18757.13
Job_087,2,6704.71,8320.912049284987,M3,27078.04,76.0,27154.04,18833.13
Job_087,3,6704.71,8320.912049284987,M5,27154.04,51.0,27205.04,18884.13
Job_087,4,6704.71,8320.912049284987,M2,27205.04,85.0,27290.04,18969.13
Job_087,5,6704.71,8320.912049284987,M9,27290.04,11.0,27301.04,18980.13
Job_087,6,6704.71,8320.912049284987,M6,27301.04,40.0,27341.04,19020.13
Job_087,7,6704.71,8320.912049284987,M7,27341.04,89.0,27430.04,19109.13
Job_087,8,6704.71,8320.912049284987,M4,27430.04,26.0,27456.04,19135.13
Job_087,9,6704.71,8320.912049284987,M8,27456.04,74.0,27530.04,19209.13
Job_088,0,6763.56,8144.235117479638,M0,26693.04,43.0,26736.04,18591.8
Job_088,1,6763.56,8144.235117479638,M2,26736.04,90.0,26826.04,18681.8
Job_088,2,6763.56,8144.235117479638,M4,26826.04,75.0,26901.04,18756.8
Job_088,3,6763.56,8144.235117479638,M9,26901.04,11.0,26912.04,18767.8
Job_088,4,6763.56,8144.235117479638,M3,26912.04,69.0,26981.04,18836.8
Job_088,5,6763.56,8144.235117479638,M1,26981.04,28.0,27009.04,18864.8
Job_088,6,6763.56,8144.235117479638,M6,27009.04,46.0,27055.04,18910.8
Job_088,7,6763.56,8144.235117479638,M5,27055.04,46.0,27101.04,18956.8
Job_088,8,6763.56,8144.235117479638,M7,27101.04,72.0,27173.04,19028.8
Job_088,9,6763.56,8144.235117479638,M8,27173.04,30.0,27203.04,19058.8
Job_089,0,6945.73,8288.504231901765,M2,25582.04,84.0,25666.04,17377.54
Job_089,1,6945.73,8288.504231901765,M1,25666.04,2.0,25668.04,17379.54
Job_089,2,6945.73,8288.504231901765,M5,26379.04,52.0,26431.04,18142.54
Job_089,3,6945.73,8288.504231901765,M3,26431.04,95.0,26526.04,18237.54
Job_089,4,6945.73,8288.504231901765,M8,26526.04,48.0,26574.04,18285.54
Job_089,5,6945.73,8288.504231901765,M9,26574.04,72.0,26646.04,18357.54
Job_089,6,6945.73,8288.504231901765,M0,26646.04,47.0,26693.04,18404.54
Job_089,7,6945.73,8288.504231901765,M6,26693.04,65.0,26758.04,18469.54
Job_089,8,6945.73,8288.504231901765,M4,26758.04,6.0,26764.04,18475.54
Job_089,9,6945.73,8288.504231901765,M7,26764.04,25.0,26789.04,18500.54
Job_090,0,6950.89,8724.110003821886,M1,25406.04,81.0,25487.04,16762.93
Job_090,1,6950.89,8724.110003821886,M2,25487.04,95.0,25582.04,16857.93
Job_090,2,6950.89,8724.110003821886,M0,25582.04,71.0,25653.04,16928.93
Job_090,3,6950.89,8724.110003821886,M4,25875.04,99.0,25974.04,17249.93
Job_090,4,6950.89,8724.110003821886,M6,26070.04,9.0,26079.04,17354.93
Job_090,5,6950.89,8724.110003821886,M8,26079.04,52.0,26131.04,17406.93
Job_090,6,6950.89,8724.110003821886,M7,26131.04,85.0,26216.04,17491.93
Job_090,7,6950.89,8724.110003821886,M3,26216.04,98.0,26314.04,17589.93
Job_090,8,6950.89,8724.110003821886,M9,26314.04,22.0,26336.04,17611.93
Job_090,9,6950.89,8724.110003821886,M5,26336.04,43.0,26379.04,17654.93
Job_091,0,6957.28,8021.212002293132,M2,25364.04,14.0,25378.04,17356.83
Job_091,1,6957.28,8021.212002293132,M0,25378.04,6.0,25384.04,17362.83
Job_091,2,6957.28,8021.212002293132,M1,25384.04,22.0,25406.04,17384.83
Job_091,3,6957.28,8021.212002293132,M5,25627.04,61.0,25688.04,17666.83
Job_091,4,6957.28,8021.212002293132,M3,25688.04,26.0,25714.04,17692.83
Job_091,5,6957.28,8021.212002293132,M4,25806.04,69.0,25875.04,17853.83
Job_091,6,6957.28,8021.212002293132,M8,25875.04,21.0,25896.04,17874.83
Job_091,7,6957.28,8021.212002293132,M7,25896.04,49.0,25945.04,17923.83
Job_091,8,6957.28,8021.212002293132,M9,25945.04,72.0,26017.04,17995.83
Job_091,9,6957.28,8021.212002293132,M6,26017.04,53.0,26070.04,18048.83
Job_092,0,6958.72,8496.413072016538,M1,24914.04,91.0,25005.04,16508.63
Job_092,1,6958.72,8496.413072016538,M0,25005.04,85.0,25090.04,16593.63
Job_092,2,6958.72,8496.413072016538,M3,25251.04,39.0,25290.04,16793.63
Job_092,3,6958.72,8496.413072016538,M2,25290.04,74.0,25364.04,16867.63
Job_092,4,6958.72,8496.413072016538,M8,25527.04,90.0,25617.04,17120.63
Job_092,5,6958.72,8496.413072016538,M5,25617.04,10.0,25627.04,17130.63
Job_092,6,6958.72,8496.413072016538,M7,25627.04,12.0,25639.04,17142.63
Job_092,7,6958.72,8496.413072016538,M6,25639.04,89.0,25728.04,17231.63
Job_092,8,6958.72,8496.413072016538,M9,25728.04,45.0,25773.04,17276.63
Job_092,9,6958.72,8496.413072016538,M4,25773.04,33.0,25806.04,17309.63
Job_093,0,7084.04,8153.386414518543,M0,24807.04,29.0,24836.04,16682.65
Job_093,1,7084.04,8153.386414518543,M1,24836.04,78.0,24914.04,16760.65
Job_093,2,7084.04,8153.386414518543,M2,24914.04,9.0,24923.04,16769.65
Job_093,3,7084.04,8153.386414518543,M3,25215.04,36.0,25251.04,17097.65
Job_093,4,7084.04,8153.386414518543,M4,25305.04,49.0,25354.04,17200.65
Job_093,5,7084.04,8153.386414518543,M5,25354.04,11.0,25365.04,17211.65
Job_093,6,7084.04,8153.386414518543,M6,25365.04,62.0,25427.04,17273.65
Job_093,7,7084.04,8153.386414518543,M7,25427.04,56.0,25483.04,17329.65
Job_093,8,7084.04,8153.386414518543,M8,25483.04,44.0,25527.04,17373.65
Job_093,9,7084.04,8153.386414518543,M9,25527.04,21.0,25548.04,17394.65
Job_094,0,7189.61,8651.501300860793,M1,24709.04,85.0,24794.04,16142.54
Job_094,1,7189.61,8651.501300860793,M0,24794.04,13.0,24807.04,16155.54
Job_094,2,7189.61,8651.501300860793,M2,24807.04,61.0,24868.04,16216.54
Job_094,3,7189.61,8651.501300860793,M6,24876.04,7.0,24883.04,16231.54
Job_094,4,7189.61,8651.501300860793,M8,24976.04,64.0,25040.04,16388.54
Job_094,5,7189.61,8651.501300860793,M9,25040.04,76.0,25116.04,16464.54
Job_094,6,7189.61,8651.501300860793,M5,25116.04,47.0,25163.04,16511.54
Job_094,7,7189.61,8651.501300860793,M3,25163.04,52.0,25215.04,16563.54
Job_094,8,7189.61,8651.501300860793,M4,25215.04,90.0,25305.04,16653.54
Job_094,9,7189.61,8651.501300860793,M7,25305.04,45.0,25350.04,16698.54
Job_095,0,7200.0,8269.346414518543,M0,23836.04,29.0,23865.04,15595.69
Job_095,1,7200.0,8269.346414518543,M1,24631.04,78.0,24709.04,16439.69
Job_095,2,7200.0,8269.346414518543,M2,24709.04,9.0,24718.04,16448.69
Job_095,3,7200.0,8269.346414518543,M3,24718.04,36.0,24754.04,16484.69
Job_095,4,7200.0,8269.346414518543,M4,24754.04,49.0,24803.04,16533.69
Job_095,5,7200.0,8269.346414518543,M5,24803.04,11.0,24814.04,16544.69
Job_095,6,7200.0,8269.346414518543,M6,24814.04,62.0,24876.04,16606.69
Job_095,7,7200.0,8269.346414518543,M7,24876.04,56.0,24932.04,16662.69
Job_095,8,7200.0,8269.346414518543,M8,24932.04,44.0,24976.04,16706.69
Job_095,9,7200.0,8269.346414518543,M9,24976.04,21.0,24997.04,16727.69
Job_096,0,7288.05,8668.725117479637,M0,23793.04,43.0,23836.04,15167.31
Job_096,1,7288.05,8668.725117479637,M2,24169.04,90.0,24259.04,15590.31
Job_096,2,7288.05,8668.725117479637,M4,24448.04,75.0,24523.04,15854.31
Job_096,3,7288.05,8668.725117479637,M9,24523.04,11.0,24534.04,15865.31
Job_096,4,7288.05,8668.725117479637,M3,24534.04,69.0,24603.04,15934.31
Job_096,5,7288.05,8668.725117479637,M1,24603.04,28.0,24631.04,15962.31
Job_096,6,7288.05,8668.725117479637,M6,24631.04,46.0,24677.04,16008.31
Job_096,7,7288.05,8668.725117479637,M5,24677.04,46.0,24723.04,16054.31
Job_096,8,7288.05,8668.725117479637,M7,24723.04,72.0,24795.04,16126.31
Job_096,9,7288.05,8668.725117479637,M8,24795.04,30.0,24825.04,16156.31
Job_097,0,7352.78,8890.473072016537,M1,23542.04,91.0,23633.04,14742.57
Job_097,1,7352.78,8890.473072016537,M0,23708.04,85.0,23793.04,14902.57
Job_097,2,7352.78,8890.473072016537,M3,24056.04,39.0,24095.04,15204.57
Job_097,3,7352.78,8890.473072016537,M2,24095.04,74.0,24169.04,15278.57
Job_097,4,7352.78,8890.473072016537,M8,24169.04,90.0,24259.04,15368.57
Job_097,5,7352.78,8890.473072016537,M5,24259.04,10.0,24269.04,15378.57
Job_097,6,7352.78,8890.473072016537,M7,24269.04,12.0,24281.04,15390.57
Job_097,7,7352.78,8890.473072016537,M6,24281.04,89.0,24370.04,15479.57
Job_097,8,7352.78,8890.473072016537,M9,24370.04,45.0,24415.04,15524.57
Job_097,9,7352.78,8890.473072016537,M4,24415.04,33.0,24448.04,15557.57
Job_098,0,7407.97,9181.190003821888,M1,23461.04,81.0,23542.04,14360.85
Job_098,1,7407.97,9181.190003821888,M2,23542.04,95.0,23637.04,14455.85
Job_098,2,7407.97,9181.190003821888,M0,23637.04,71.0,23708.04,14526.85
Job_098,3,7407.97,9181.190003821888,M4,23708.04,99.0,23807.04,14625.85
Job_098,4,7407.97,9181.190003821888,M6,23812.04,9.0,23821.04,14639.85
Job_098,5,7407.97,9181.190003821888,M8,23821.04,52.0,23873.04,14691.85
Job_098,6,7407.97,9181.190003821888,M7,23873.04,85.0,23958.04,14776.85
Job_098,7,7407.97,9181.190003821888,M3,23958.04,98.0,24056.04,14874.85
Job_098,8,7407.97,9181.190003821888,M9,24056.04,22.0,24078.04,14896.85
Job_098,9,7407.97,9181.190003821888,M5,24078.04,43.0,24121.04,14939.85
Job_099,0,7446.61,8510.542002293132,M2,23117.04,14.0,23131.04,14620.5
Job_099,1,7446.61,8510.542002293132,M0,23433.04,6.0,23439.04,14928.5
Job_099,2,7446.61,8510.542002293132,M1,23439.04,22.0,23461.04,14950.5
Job_099,3,7446.61,8510.542002293132,M5,23461.04,61.0,23522.04,15011.5
Job_099,4,7446.61,8510.542002293132,M3,23522.04,26.0,23548.04,15037.5
Job_099,5,7446.61,8510.542002293132,M4,23548.04,69.0,23617.04,15106.5
Job_099,6,7446.61,8510.542002293132,M8,23617.04,21.0,23638.04,15127.5
Job_099,7,7446.61,8510.542002293132,M7,23638.04,49.0,23687.04,15176.5
Job_099,8,7446.61,8510.542002293132,M9,23687.04,72.0,23759.04,15248.5
Job_099,9,7446.61,8510.542002293132,M6,23759.04,53.0,23812.04,15301.5
Job_100,0,7519.39,8862.164231901765,M2,23033.04,84.0,23117.04,14254.88
Job_100,1,7519.39,8862.164231901765,M1,23117.04,2.0,23119.04,14256.88
Job_100,2,7519.39,8862.164231901765,M5,23119.04,52.0,23171.04,14308.88
Job_100,3,7519.39,8862.164231901765,M3,23171.04,95.0,23266.04,14403.88
Job_100,4,7519.39,8862.164231901765,M8,23266.04,48.0,23314.04,14451.88
Job_100,5,7519.39,8862.164231901765,M9,23314.04,72.0,23386.04,14523.88
Job_100,6,7519.39,8862.164231901765,M0,23386.04,47.0,23433.04,14570.88
Job_100,7,7519.39,8862.164231901765,M6,23433.04,65.0,23498.04,14635.88
Job_100,8,7519.39,8862.164231901765,M4,23498.04,6.0,23504.04,14641.88
Job_100,9,7519.39,8862.164231901765,M7,23504.04,25.0,23529.04,14666.88
Job_101,0,7559.74,8685.937742885351,M1,22583.04,46.0,22629.04,13943.1
Job_101,1,7559.74,8685.937742885351,M0,22629.04,37.0,22666.04,13980.1
Job_101,2,7559.74,8685.937742885351,M3,22959.04,61.0,23020.04,14334.1
Job_101,3,7559.74,8685.937742885351,M2,23020.04,13.0,23033.04,14347.1
Job_101,4,7559.74,8685.937742885351,M6,23033.04,32.0,23065.04,14379.1
Job_101,5,7559.74,8685.937742885351,M5,23065.04,21.0,23086.04,14400.1
Job_101,6,7559.74,8685.937742885351,M9,23086.04,32.0,23118.04,14432.1
Job_101,7,7559.74,8685.937742885351,M8,23118.04,89.0,23207.04,14521.1
Job_101,8,7559.74,8685.937742885351,M7,23207.04,30.0,23237.04,14551.1
Job_101,9,7559.74,8685.937742885351,M4,23237.04,55.0,23292.04,14606.1
Job_102,0,7715.63,9174.814094748088,M2,22420.04,31.0,22451.04,13276.23
Job_102,1,7715.63,9174.814094748088,M0,22451.04,86.0,22537.04,13362.23
Job_102,2,7715.63,9174.814094748088,M1,22537.04,46.0,22583.04,13408.23
Job_102,3,7715.63,9174.814094748088,M5,22583.04,74.0,22657.04,13482.23
Job_102,4,7715.63,9174.814094748088,M4,22657.04,32.0,22689.04,13514.23
Job_102,5,7715.63,9174.814094748088,M6,22689.04,88.0,22777.04,13602.23
Job_102,6,7715.63,9174.814094748088,M8,22777.04,19.0,22796.04,13621.23
Job_102,7,7715.63,9174.814094748088,M9,22796.04,48.0,22844.04,13669.23
Job_102,8,7715.63,9174.814094748088,M7,22844.04,36.0,22880.04,13705.23
Job_102,9,7715.63,9174.814094748088,M3,22880.04,79.0,22959.04,13784.23
Job_103,0,7948.04,9564.242049284989,M0,21854.04,76.0,21930.04,12365.8
Job_103,1,7948.04,9564.242049284989,M1,21930.04,69.0,21999.04,12434.8
Job_103,2,7948.04,9564.242049284989,M3,22208.04,76.0,22284.04,12719.8
Job_103,3,7948.04,9564.242049284989,M5,22284.04,51.0,22335.04,12770.8
Job_103,4,7948.04,9564.242049284989,M2,22335.04,85.0,22420.04,12855.8
Job_103,5,7948.04,9564.242049284989,M9,22420.04,11.0,22431.04,12866.8
Job_103,6,7948.04,9564.242049284989,M6,22431.04,40.0,22471.04,12906.8
Job_103,7,7948.04,9564.242049284989,M7,22471.04,89.0,22560.04,12995.8
Job_103,8,7948.04,9564.242049284989,M4,22560.04,26.0,22586.04,13021.8
Job_103,9,7948.04,9564.242049284989,M8,22586.04,74.0,22660.04,13095.8
Job_104,0,7981.95,9443.841300860791,M1,21756.04,85.0,21841.04,12397.2
Job_104,1,7981.95,9443.841300860791,M0,21841.04,13.0,21854.04,12410.2
Job_104,2,7981.95,9443.841300860791,M2,21854.04,61.0,21915.04,12471.2
Job_104,3,7981.95,9443.841300860791,M6,21950.04,7.0,21957.04,12513.2
Job_104,4,7981.95,9443.841300860791,M8,21969.04,64.0,22033.04,12589.2
Job_104,5,7981.95,9443.841300860791,M9,22033.04,76.0,22109.04,12665.2
Job_104,6,7981.95,9443.841300860791,M5,22109.04,47.0,22156.04,12712.2
Job_104,7,7981.95,9443.841300860791,M3,22156.04,52.0,22208.04,12764.2
Job_104,8,7981.95,9443.841300860791,M4,22208.04,90.0,22298.04,12854.2
Job_104,9,7981.95,9443.841300860791,M7,22298.04,45.0,22343.04,12899.2
Job_105,0,8091.94,9551.124094748087,M2,21593.04,31.0,21624.04,12072.92
Job_105,1,8091.94,9551.124094748087,M0,21624.04,86.0,21710.04,12158.92
Job_105,2,8091.94,9551.124094748087,M1,21710.04,46.0,21756.04,12204.92
Job_105,3,8091.94,9551.124094748087,M5,21756.04,74.0,21830.04,12278.92
Job_105,4,8091.94,9551.124094748087,M4,21830.04,32.0,21862.04,12310.92
Job_105,5,8091.94,9551.124094748087,M6,21862.04,88.0,21950.04,12398.92
Job_105,6,8091.94,9551.124094748087,M8,21950.04,19.0,21969.04,12417.92
Job_105,7,8091.94,9551.124094748087,M9,21969.04,48.0,22017.04,12465.92
Job_105,8,8091.94,9551.124094748087,M7,22017.04,36.0,22053.04,12501.92
Job_105,9,8091.94,9551.124094748087,M3,22053.04,79.0,22132.04,12580.92
Job_106,0,8144.71,9760.912049284989,M0,21039.04,76.0,21115.04,11354.13
Job_106,1,8144.71,9760.912049284989,M1,21312.04,69.0,21381.04,11620.13
Job_106,2,8144.71,9760.912049284989,M3,21381.04,76.0,21457.04,11696.13
Job_106,3,8144.71,9760.912049284989,M5,21457.04,51.0,21508.04,11747.13
Job_106,4,8144.71,9760.912049284989,M2,21508.04,85.0,21593.04,11832.13
Job_106,5,8144.71,9760.912049284989,M9,21593.04,11.0,21604.04,11843.13
Job_106,6,8144.71,9760.912049284989,M6,21604.04,40.0,21644.04,11883.13
Job_106,7,8144.71,9760.912049284989,M7,21644.04,89.0,21733.04,11972.13
Job_106,8,8144.71,9760.912049284989,M4,21733.04,26.0,21759.04,11998.13
Job_106,9,8144.71,9760.912049284989,M8,21759.04,74.0,21833.04,12072.13
Job_107,0,8203.56,9584.235117479637,M0,20996.04,43.0,21039.04,11454.8
Job_107,1,8203.56,9584.235117479637,M2,21039.04,90.0,21129.04,11544.8
Job_107,2,8203.56,9584.235117479637,M4,21129.04,75.0,21204.04,11619.8
Job_107,3,8203.56,9584.235117479637,M9,21204.04,11.0,21215.04,11630.8
Job_107,4,8203.56,9584.235117479637,M3,21215.04,69.0,21284.04,11699.8
Job_107,5,8203.56,9584.235117479637,M1,21284.04,28.0,21312.04,11727.8
Job_107,6,8203.56,9584.235117479637,M6,21312.04,46.0,21358.04,11773.8
Job_107,7,8203.56,9584.235117479637,M5,21358.04,46.0,21404.04,11819.8
Job_107,8,8203.56,9584.235117479637,M7,21404.04,72.0,21476.04,11891.8
Job_107,9,8203.56,9584.235117479637,M8,21476.04,30.0,21506.04,11921.8
Job_108,0,8385.73,9728.504231901765,M2,19885.04,84.0,19969.04,10240.54
Job_108,1,8385.73,9728.504231901765,M1,19969.04,2.0,19971.04,10242.54
Job_108,2,8385.73,9728.504231901765,M5,20682.04,52.0,20734.04,11005.54
Job_108,3,8385.73,9728.504231901765,M3,20734.04,95.0,20829.04,11100.54
Job_108,4,8385.73,9728.504231901765,M8,20829.04,48.0,20877.04,11148.54
Job_108,5,8385.73,9728.504231901765,M9,20877.04,72.0,20949.04,11220.54
Job_108,6,8385.73,9728.504231901765,M0,20949.04,47.0,20996.04,11267.54
Job_108,7,8385.73,9728.504231901765,M6,20996.04,65.0,21061.04,11332.54
Job_108,8,8385.73,9728.504231901765,M4,21061.04,6.0,21067.04,11338.54
Job_108,9,8385.73,9728.504231901765,M7,21067.04,25.0,21092.04,11363.54
Job_109,0,8390.89,10164.110003821886,M1,19709.04,81.0,19790.04,9625.93
Job_109,1,8390.89,10164.110003821886,M2,19790.04,95.0,19885.04,9720.93
Job_109,2,8390.89,10164.110003821886,M0,19885.04,71.0,19956.04,9791.93
Job_109,3,8390.89,10164.110003821886,M4,20178.04,99.0,20277.04,10112.93
Job_109,4,8390.89,10164.110003821886,M6,20373.04,9.0,20382.04,10217.93
Job_109,5,8390.89,10164.110003821886,M8,20382.04,52.0,20434.04,10269.93
Job_109,6,8390.89,10164.110003821886,M7,20434.04,85.0,20519.04,10354.93
Job_109,7,8390.89,10164.110003821886,M3,20519.04,98.0,20617.04,10452.93
Job_109,8,8390.89,10164.110003821886,M9,20617.04,22.0,20639.04,10474.93
Job_109,9,8390.89,10164.110003821886,M5,20639.04,43.0,20682.04,10517.93
Job_110,0,8397.28,9461.212002293132,M2,19667.04,14.0,19681.04,10219.83
Job_110,1,8397.28,9461.212002293132,M0,19681.04,6.0,19687.04,10225.83
Job_110,2,8397.28,9461.212002293132,M1,19687.04,22.0,19709.04,10247.83
Job_110,3,8397.28,9461.212002293132,M5,19930.04,61.0,19991.04,10529.83
Job_110,4,8397.28,9461.212002293132,M3,19991.04,26.0,20017.04,10555.83
Job_110,5,8397.28,9461.212002293132,M4,20109.04,69.0,20178.04,10716.83
Job_110,6,8397.28,9461.212002293132,M8,20178.04,21.0,20199.04,10737.83
Job_110,7,8397.28,9461.212002293132,M7,20199.04,49.0,20248.04,10786.83
Job_110,8,8397.28,9461.212002293132,M9,20248.04,72.0,20320.04,10858.83
Job_110,9,8397.28,9461.212002293132,M6,20320.04,53.0,20373.04,10911.83
Job_111,0,8398.72,9936.413072016536,M1,19217.04,91.0,19308.04,9371.63
Job_111,1,8398.72,9936.413072016536,M0,19308.04,85.0,19393.04,9456.63
Job_111,2,8398.72,9936.413072016536,M3,19554.04,39.0,19593.04,9656.63
Job_111,3,8398.72,9936.413072016536,M2,19593.04,74.0,19667.04,9730.63
Job_111,4,8398.72,9936.413072016536,M8,19830.04,90.0,19920.04,9983.63
Job_111,5,8398.72,9936.413072016536,M5,19920.04,10.0,19930.04,9993.63
Job_111,6,8398.72,9936.413072016536,M7,19930.04,12.0,19942.04,10005.63
Job_111,7,8398.72,9936.413072016536,M6,19942.04,89.0,20031.04,10094.63
Job_111,8,8398.72,9936.413072016536,M9,20031.04,45.0,20076.04,10139.63
Job_111,9,8398.72,9936.413072016536,M4,20076.04,33.0,20109.04,10172.63
Job_112,0,8524.04,9593.386414518543,M0,19110.04,29.0,19139.04,9545.65
Job_112,1,8524.04,9593.386414518543,M1,19139.04,78.0,19217.04,9623.65
Job_112,2,8524.04,9593.386414518543,M2,19217.04,9.0,19226.04,9632.65
Job_112,3,8524.04,9593.386414518543,M3,19518.04,36.0,19554.04,9960.65
Job_112,4,8524.04,9593.386414518543,M4,19608.04,49.0,19657.04,10063.65
Job_112,5,8524.04,9593.386414518543,M5,19657.04,11.0,19668.04,10074.65
Job_112,6,8524.04,9593.386414518543,M6,19668.04,62.0,19730.04,10136.65
Job_112,7,8524.04,9593.386414518543,M7,19730.04,56.0,19786.04,10192.65
Job_112,8,8524.04,9593.386414518543,M8,19786.04,44.0,19830.04,10236.65
Job_112,9,8524.04,9593.386414518543,M9,19830.04,21.0,19851.04,10257.65
Job_113,0,8629.61,10091.501300860791,M1,19012.04,85.0,19097.04,9005.54
Job_113,1,8629.61,10091.501300860791,M0,19097.04,13.0,19110.04,9018.54
Job_113,2,8629.61,10091.501300860791,M2,19110.04,61.0,19171.04,9079.54
Job_113,3,8629.61,10091.501300860791,M6,19179.04,7.0,19186.04,9094.54
Job_113,4,8629.61,10091.501300860791,M8,19279.04,64.0,19343.04,9251.54
Job_113,5,8629.61,10091.501300860791,M9,19343.04,76.0,19419.04,9327.54
Job_113,6,8629.61,10091.501300860791,M5,19419.04,47.0,19466.04,9374.54
Job_113,7,8629.61,10091.501300860791,M3,19466.04,52.0,19518.04,9426.54
Job_113,8,8629.61,10091.501300860791,M4,19518.04,90.0,19608.04,9516.54
Job_113,9,8629.61,10091.501300860791,M7,19608.04,45.0,19653.04,9561.54
Job_114,0,8640.0,9709.346414518544,M0,18139.04,29.0,18168.04,8458.69
Job_114,1,8640.0,9709.346414518544,M1,18934.04,78.0,19012.04,9302.69
Job_114,2,8640.0,9709.346414518544,M2,19012.04,9.0,19021.04,9311.69
Job_114,3,8640.0,9709.346414518544,M3,19021.04,36.0,19057.04,9347.69
Job_114,4,8640.0,9709.346414518544,M4,19057.04,49.0,19106.04,9396.69
Job_114,5,8640.0,9709.346414518544,M5,19106.04,11.0,19117.04,9407.69
Job_114,6,8640.0,9709.346414518544,M6,19117.04,62.0,19179.04,9469.69
Job_114,7,8640.0,9709.346414518544,M7,19179.04,56.0,19235.04,9525.69
Job_114,8,8640.0,9709.346414518544,M8,19235.04,44.0,19279.04,9569.69
Job_114,9,8640.0,9709.346414518544,M9,19279.04,21.0,19300.04,9590.69
Job_115,0,8728.05,10108.725117479637,M0,18096.04,43.0,18139.04,8030.31
Job_115,1,8728.05,10108.725117479637,M2,18472.04,90.0,18562.04,8453.31
Job_115,2,8728.05,10108.725117479637,M4,18751.04,75.0,18826.04,8717.31
Job_115,3,8728.05,10108.725117479637,M9,18826.04,11.0,18837.04,8728.31
Job_115,4,8728.05,10108.725117479637,M3,18837.04,69.0,18906.04,8797.31
Job_115,5,8728.05,10108.725117479637,M1,18906.04,28.0,18934.04,8825.31
Job_115,6,8728.05,10108.725117479637,M6,18934.04,46.0,18980.04,8871.31
Job_115,7,8728.05,10108.725117479637,M5,18980.04,46.0,19026.04,8917.31
Job_115,8,8728.05,10108.725117479637,M7,19026.04,72.0,19098.04,8989.31
Job_115,9,8728.05,10108.725117479637,M8,19098.04,30.0,19128.04,9019.31
Job_116,0,8792.78,10330.473072016535,M1,17845.04,91.0,17936.04,7605.57
Job_116,1,8792.78,10330.473072016535,M0,18011.04,85.0,18096.04,7765.57
Job_116,2,8792.78,10330.473072016535,M3,18359.04,39.0,18398.04,8067.57
Job_116,3,8792.78,10330.473072016535,M2,18398.04,74.0,18472.04,8141.57
Job_116,4,8792.78,10330.473072016535,M8,18472.04,90.0,18562.04,8231.57
Job_116,5,8792.78,10330.473072016535,M5,18562.04,10.0,18572.04,8241.57
Job_116,6,8792.78,10330.473072016535,M7,18572.04,12.0,18584.04,8253.57
Job_116,7,8792.78,10330.473072016535,M6,18584.04,89.0,18673.04,8342.57
Job_116,8,8792.78,10330.473072016535,M9,18673.04,45.0,18718.04,8387.57
Job_116,9,8792.78,10330.473072016535,M4,18718.04,33.0,18751.04,8420.57
Job_117,0,8847.97,10621.190003821886,M1,17764.04,81.0,17845.04,7223.85
Job_117,1,8847.97,10621.190003821886,M2,17845.04,95.0,17940.04,7318.85
Job_117,2,8847.97,10621.190003821886,M0,17940.04,71.0,18011.04,7389.85
Job_117,3,8847.97,10621.190003821886,M4,18011.04,99.0,18110.04,7488.85
Job_117,4,8847.97,10621.190003821886,M6,18115.04,9.0,18124.04,7502.85
Job_117,5,8847.97,10621.190003821886,M8,18124.04,52.0,18176.04,7554.85
Job_117,6,8847.97,10621.190003821886,M7,18176.04,85.0,18261.04,7639.85
Job_117,7,8847.97,10621.190003821886,M3,18261.04,98.0,18359.04,7737.85
Job_117,8,8847.97,10621.190003821886,M9,18359.04,22.0,18381.04,7759.85
Job_117,9,8847.97,10621.190003821886,M5,18381.04,43.0,18424.04,7802.85
Job_118,0,8886.61,9950.542002293132,M2,17420.04,14.0,17434.04,7483.5
Job_118,1,8886.61,9950.542002293132,M0,17736.04,6.0,17742.04,7791.5
Job_118,2,8886.61,9950.542002293132,M1,17742.04,22.0,17764.04,7813.5
Job_118,3,8886.61,9950.542002293132,M5,17764.04,61.0,17825.04,7874.5
Job_118,4,8886.61,9950.542002293132,M3,17825.04,26.0,17851.04,7900.5
Job_118,5,8886.61,9950.542002293132,M4,17851.04,69.0,17920.04,7969.5
Job_118,6,8886.61,9950.542002293132,M8,17920.04,21.0,17941.04,7990.5
Job_118,7,8886.61,9950.542002293132,M7,17941.04,49.0,17990.04,8039.5
Job_118,8,8886.61,9950.542002293132,M9,17990.04,72.0,18062.04,8111.5
Job_118,9,8886.61,9950.542002293132,M6,18062.04,53.0,18115.04,8164.5
Job_119,0,8959.39,10302.164231901765,M2,17336.04,84.0,17420.04,7117.88
Job_119,1,8959.39,10302.164231901765,M1,17420.04,2.0,17422.04,7119.88
Job_119,2,8959.39,10302.164231901765,M5,17422.04,52.0,17474.04,7171.88
Job_119,3,8959.39,10302.164231901765,M3,17474.04,95.0,17569.04,7266.88
Job_119,4,8959.39,10302.164231901765,M8,17569.04,48.0,17617.04,7314.88
Job_119,5,8959.39,10302.164231901765,M9,17617.04,72.0,17689.04,7386.88
Job_119,6,8959.39,10302.164231901765,M0,17689.04,47.0,17736.04,7433.88
Job_119,7,8959.39,10302.164231901765,M6,17736.04,65.0,17801.04,7498.88
Job_119,8,8959.39,10302.164231901765,M4,17801.04,6.0,17807.04,7504.88
Job_119,9,8959.39,10302.164231901765,M7,17807.04,25.0,17832.04,7529.88
Job_120,0,8999.74,10125.937742885351,M1,16886.04,46.0,16932.04,6806.1
Job_120,1,8999.74,10125.937742885351,M0,16932.04,37.0,16969.04,6843.1
Job_120,2,8999.74,10125.937742885351,M3,17262.04,61.0,17323.04,7197.1
Job_120,3,8999.74,10125.937742885351,M2,17323.04,13.0,17336.04,7210.1
Job_120,4,8999.74,10125.937742885351,M6,17336.04,32.0,17368.04,7242.1
Job_120,5,8999.74,10125.937742885351,M5,17368.04,21.0,17389.04,7263.1
Job_120,6,8999.74,10125.937742885351,M9,17389.04,32.0,17421.04,7295.1
Job_120,7,8999.74,10125.937742885351,M8,17421.04,89.0,17510.04,7384.1
Job_120,8,8999.74,10125.937742885351,M7,17510.04,30.0,17540.04,7414.1
Job_120,9,8999.74,10125.937742885351,M4,17540.04,55.0,17595.04,7469.1
Job_121,0,9155.63,10614.814094748086,M2,16723.04,31.0,16754.04,6139.23
Job_121,1,9155.63,10614.814094748086,M0,16754.04,86.0,16840.04,6225.23
Job_121,2,9155.63,10614.814094748086,M1,16840.04,46.0,16886.04,6271.23
Job_121,3,9155.63,10614.814094748086,M5,16886.04,74.0,16960.04,6345.23
Job_121,4,9155.63,10614.814094748086,M4,16960.04,32.0,16992.04,6377.23
Job_121,5,9155.63,10614.814094748086,M6,16992.04,88.0,17080.04,6465.23
Job_121,6,9155.63,10614.814094748086,M8,17080.04,19.0,17099.04,6484.23
Job_121,7,9155.63,10614.814094748086,M9,17099.04,48.0,17147.04,6532.23
Job_121,8,9155.63,10614.814094748086,M7,17147.04,36.0,17183.04,6568.23
Job_121,9,9155.63,10614.814094748086,M3,17183.04,79.0,17262.04,6647.23
Job_122,0,9388.04,11004.242049284989,M0,16157.04,76.0,16233.04,5228.8
Job_122,1,9388.04,11004.242049284989,M1,16233.04,69.0,16302.04,5297.8
Job_122,2,9388.04,11004.242049284989,M3,16511.04,76.0,16587.04,5582.8
Job_122,3,9388.04,11004.242049284989,M5,16587.04,51.0,16638.04,5633.8
Job_122,4,9388.04,11004.242049284989,M2,16638.04,85.0,16723.04,5718.8
Job_122,5,9388.04,11004.242049284989,M9,16723.04,11.0,16734.04,5729.8
Job_122,6,9388.04,11004.242049284989,M6,16734.04,40.0,16774.04,5769.8
Job_122,7,9388.04,11004.242049284989,M7,16774.04,89.0,16863.04,5858.8
Job_122,8,9388.04,11004.242049284989,M4,16863.04,26.0,16889.04,5884.8
Job_122,9,9388.04,11004.242049284989,M8,16889.04,74.0,16963.04,5958.8
Job_123,0,9421.95,10883.841300860791,M1,16059.04,85.0,16144.04,5260.2
Job_123,1,9421.95,10883.841300860791,M0,16144.04,13.0,16157.04,5273.2
Job_123,2,9421.95,10883.841300860791,M2,16157.04,61.0,16218.04,5334.2
Job_123,3,9421.95,10883.841300860791,M6,16253.04,7.0,16260.04,5376.2
Job_123,4,9421.95,10883.841300860791,M8,16272.04,64.0,16336.04,5452.2
Job_123,5,9421.95,10883.841300860791,M9,16336.04,76.0,16412.04,5528.2
Job_123,6,9421.95,10883.841300860791,M5,16412.04,47.0,16459.04,5575.2
Job_123,7,9421.95,10883.841300860791,M3,16459.04,52.0,16511.04,5627.2
Job_123,8,9421.95,10883.841300860791,M4,16511.04,90.0,16601.04,5717.2
Job_123,9,9421.95,10883.841300860791,M7,16601.04,45.0,16646.04,5762.2
Job_124,0,9531.94,10991.124094748087,M2,15896.04,31.0,15927.04,4935.92
Job_124,1,9531.94,10991.124094748087,M0,15927.04,86.0,16013.04,5021.92
Job_124,2,9531.94,10991.124094748087,M1,16013.04,46.0,16059.04,5067.92
Job_124,3,9531.94,10991.124094748087,M5,16059.04,74.0,16133.04,5141.92
Job_124,4,9531.94,10991.124094748087,M4,16133.04,32.0,16165.04,5173.92
Job_124,5,9531.94,10991.124094748087,M6,16165.04,88.0,16253.04,5261.92
Job_124,6,9531.94,10991.124094748087,M8,16253.04,19.0,16272.04,5280.92
Job_124,7,9531.94,10991.124094748087,M9,16272.04,48.0,16320.04,5328.92
Job_124,8,9531.94,10991.124094748087,M7,16320.04,36.0,16356.04,5364.92
Job_124,9,9531.94,10991.124094748087,M3,16356.04,79.0,16435.04,5443.92
Job_125,0,9584.71,11200.912049284989,M0,15342.04,76.0,15418.04,4217.13
Job_125,1,9584.71,11200.912049284989,M1,15615.04,69.0,15684.04,4483.13
Job_125,2,9584.71,11200.912049284989,M3,15684.04,76.0,15760.04,4559.13
Job_125,3,9584.71,11200.912049284989,M5,15760.04,51.0,15811.04,4610.13
Job_125,4,9584.71,11200.912049284989,M2,15811.04,85.0,15896.04,4695.13
Job_125,5,9584.71,11200.912049284989,M9,15896.04,11.0,15907.04,4706.13
Job_125,6,9584.71,11200.912049284989,M6,15907.04,40.0,15947.04,4746.13
Job_125,7,9584.71,11200.912049284989,M7,15947.04,89.0,16036.04,4835.13
Job_125,8,9584.71,11200.912049284989,M4,16036.04,26.0,16062.04,4861.13
Job_125,9,9584.71,11200.912049284989,M8,16062.04,74.0,16136.04,4935.13
Job_126,0,9643.56,11024.235117479637,M0,15299.04,43.0,15342.04,4317.8
Job_126,1,9643.56,11024.235117479637,M2,15342.04,90.0,15432.04,4407.8
Job_126,2,9643.56,11024.235117479637,M4,15432.04,75.0,15507.04,4482.8
Job_126,3,9643.56,11024.235117479637,M9,15507.04,11.0,15518.04,4493.8
Job_126,4,9643.56,11024.235117479637,M3,15518.04,69.0,15587.04,4562.8
Job_126,5,9643.56,11024.235117479637,M1,15587.04,28.0,15615.04,4590.8
Job_126,6,9643.56,11024.235117479637,M6,15615.04,46.0,15661.04,4636.8
Job_126,7,9643.56,11024.235117479637,M5,15661.04,46.0,15707.04,4682.8
Job_126,8,9643.56,11024.235117479637,M7,15707.04,72.0,15779.04,4754.8
Job_126,9,9643.56,11024.235117479637,M8,15779.04,30.0,15809.04,4784.8
Job_127,0,9825.73,11168.504231901765,M2,14188.04,84.0,14272.04,3103.54
Job_127,1,9825.73,11168.504231901765,M1,14272.04,2.0,14274.04,3105.54
Job_127,2,9825.73,11168.504231901765,M5,14985.04,52.0,15037.04,3868.54
Job_127,3,9825.73,11168.504231901765,M3,15037.04,95.0,15132.04,3963.54
Job_127,4,9825.73,11168.504231901765,M8,15132.04,48.0,15180.04,4011.54
Job_127,5,9825.73,11168.504231901765,M9,15180.04,72.0,15252.04,4083.54
Job_127,6,9825.73,11168.504231901765,M0,15252.04,47.0,15299.04,4130.54
Job_127,7,9825.73,11168.504231901765,M6,15299.04,65.0,15364.04,4195.54
Job_127,8,9825.73,11168.504231901765,M4,15364.04,6.0,15370.04,4201.54
Job_127,9,9825.73,11168.504231901765,M7,15370.04,25.0,15395.04,4226.54
Job_128,0,9830.89,11604.110003821886,M1,14012.04,81.0,14093.04,2488.93
Job_128,1,9830.89,11604.110003821886,M2,14093.04,95.0,14188.04,2583.93
Job_128,2,9830.89,11604.110003821886,M0,14188.04,71.0,14259.04,2654.93
Job_128,3,9830.89,11604.110003821886,M4,14481.04,99.0,14580.04,2975.93
Job_128,4,9830.89,11604.110003821886,M6,14676.04,9.0,14685.04,3080.93
Job_128,5,9830.89,11604.110003821886,M8,14685.04,52.0,14737.04,3132.93
Job_128,6,9830.89,11604.110003821886,M7,14737.04,85.0,14822.04,3217.93
Job_128,7,9830.89,11604.110003821886,M3,14822.04,98.0,14920.04,3315.93
Job_128,8,9830.89,11604.110003821886,M9,14920.04,22.0,14942.04,3337.93
Job_128,9,9830.89,11604.110003821886,M5,14942.04,43.0,14985.04,3380.93
Job_129,0,9837.28,10901.212002293132,M2,13970.04,14.0,13984.04,3082.83
Job_129,1,9837.28,10901.212002293132,M0,13984.04,6.0,13990.04,3088.83
Job_129,2,9837.28,10901.212002293132,M1,13990.04,22.0,14012.04,3110.83
Job_129,3,9837.28,10901.212002293132,M5,14233.04,61.0,14294.04,3392.83
Job_129,4,9837.28,10901.212002293132,M3,14294.04,26.0,14320.04,3418.83
Job_129,5,9837.28,10901.212002293132,M4,14412.04,69.0,14481.04,3579.83
Job_129,6,9837.28,10901.212002293132,M8,14481.04,21.0,14502.04,3600.83
Job_129,7,9837.28,10901.212002293132,M7,14502.04,49.0,14551.04,3649.83
Job_129,8,9837.28,10901.212002293132,M9,14551.04,72.0,14623.04,3721.83
Job_129,9,9837.28,10901.212002293132,M6,14623.04,53.0,14676.04,3774.83
Job_130,0,9838.72,11376.413072016536,M1,13520.04,91.0,13611.04,2234.63
Job_130,1,9838.72,11376.413072016536,M0,13611.04,85.0,13696.04,2319.63
Job_130,2,9838.72,11376.413072016536,M3,13857.04,39.0,13896.04,2519.63
Job_130,3,9838.72,11376.413072016536,M2,13896.04,74.0,13970.04,2593.63
Job_130,4,9838.72,11376.413072016536,M8,14133.04,90.0,14223.04,2846.63
Job_130,5,9838.72,11376.413072016536,M5,14223.04,10.0,14233.04,2856.63
Job_130,6,9838.72,11376.413072016536,M7,14233.04,12.0,14245.04,2868.63
Job_130,7,9838.72,11376.413072016536,M6,14245.04,89.0,14334.04,2957.63
Job_130,8,9838.72,11376.413072016536,M9,14334.04,45.0,14379.04,3002.63
Job_130,9,9838.72,11376.413072016536,M4,14379.04,33.0,14412.04,3035.63
Job_131,0,9964.04,11033.386414518543,M0,13413.04,29.0,13442.04,2408.65
Job_131,1,9964.04,11033.386414518543,M1,13442.04,78.0,13520.04,2486.65
Job_131,2,9964.04,11033.386414518543,M2,13520.04,9.0,13529.04,2495.65
Job_131,3,9964.04,11033.386414518543,M3,13821.04,36.0,13857.04,2823.65
Job_131,4,9964.04,11033.386414518543,M4,13911.04,49.0,13960.04,2926.65
Job_131,5,9964.04,11033.386414518543,M5,13960.04,11.0,13971.04,2937.65
Job_131,6,9964.04,11033.386414518543,M6,13971.04,62.0,14033.04,2999.65
Job_131,7,9964.04,11033.386414518543,M7,14033.04,56.0,14089.04,3055.65
Job_131,8,9964.04,11033.386414518543,M8,14089.04,44.0,14133.04,3099.65
Job_131,9,9964.04,11033.386414518543,M9,14133.04,21.0,14154.04,3120.65
Job_132,0,10069.61,11531.501300860791,M1,13315.04,85.0,13400.04,1868.54
Job_132,1,10069.61,11531.501300860791,M0,13400.04,13.0,13413.04,1881.54
Job_132,2,10069.61,11531.501300860791,M2,13413.04,61.0,13474.04,1942.54
Job_132,3,10069.61,11531.501300860791,M6,13482.04,7.0,13489.04,1957.54
Job_132,4,10069.61,11531.501300860791,M8,13582.04,64.0,13646.04,2114.54
Job_132,5,10069.61,11531.501300860791,M9,13646.04,76.0,13722.04,2190.54
Job_132,6,10069.61,11531.501300860791,M5,13722.04,47.0,13769.04,2237.54
Job_132,7,10069.61,11531.501300860791,M3,13769.04,52.0,13821.04,2289.54
Job_132,8,10069.61,11531.501300860791,M4,13821.04,90.0,13911.04,2379.54
Job_132,9,10069.61,11531.501300860791,M7,13911.04,45.0,13956.04,2424.54
Job_133,0,10080.0,11149.346414518544,M0,12270.04,29.0,12299.04,1149.69
Job_133,1,10080.0,11149.346414518544,M1,13237.04,78.0,13315.04,2165.69
Job_133,2,10080.0,11149.346414518544,M2,13315.04,9.0,13324.04,2174.69
Job_133,3,10080.0,11149.346414518544,M3,13324.04,36.0,13360.04,2210.69
Job_133,4,10080.0,11149.346414518544,M4,13360.04,49.0,13409.04,2259.69
Job_133,5,10080.0,11149.346414518544,M5,13409.04,11.0,13420.04,2270.69
Job_133,6,10080.0,11149.346414518544,M6,13420.04,62.0,13482.04,2332.69
Job_133,7,10080.0,11149.346414518544,M7,13482.04,56.0,13538.04,2388.69
Job_133,8,10080.0,11149.346414518544,M8,13538.04,44.0,13582.04,2432.69
Job_133,9,10080.0,11149.346414518544,M9,13582.04,21.0,13603.04,2453.69
Job_134,0,10168.05,11548.725117479637,M0,12227.04,43.0,12270.04,721.31
Job_134,1,10168.05,11548.725117479637,M2,12701.04,90.0,12791.04,1242.31
Job_134,2,10168.05,11548.725117479637,M4,13054.04,75.0,13129.04,1580.31
Job_134,3,10168.05,11548.725117479637,M9,13129.04,11.0,13140.04,1591.31
Job_134,4,10168.05,11548.725117479637,M3,13140.04,69.0,13209.04,1660.31
Job_134,5,10168.05,11548.725117479637,M1,13209.04,28.0,13237.04,1688.31
Job_134,6,10168.05,11548.725117479637,M6,13237.04,46.0,13283.04,1734.31
Job_134,7,10168.05,11548.725117479637,M5,13283.04,46.0,13329.04,1780.31
Job_134,8,10168.05,11548.725117479637,M7,13329.04,72.0,13401.04,1852.31
Job_134,9,10168.05,11548.725117479637,M8,13401.04,30.0,13431.04,1882.31
Job_135,0,10232.78,11770.473072016535,M1,12051.04,91.0,12142.04,371.57
Job_135,1,10232.78,11770.473072016535,M0,12142.04,85.0,12227.04,456.57
Job_135,2,10232.78,11770.473072016535,M3,12588.04,39.0,12627.04,856.57
Job_135,3,10232.78,11770.473072016535,M2,12627.04,74.0,12701.04,930.57
Job_135,4,10232.78,11770.473072016535,M8,12775.04,90.0,12865.04,1094.57
Job_135,5,10232.78,11770.473072016535,M5,12865.04,10.0,12875.04,1104.57
Job_135,6,10232.78,11770.473072016535,M7,12875.04,12.0,12887.04,1116.57
Job_135,7,10232.78,11770.473072016535,M6,12887.04,89.0,12976.04,1205.57
Job_135,8,10232.78,11770.473072016535,M9,12976.04,45.0,13021.04,1250.57
Job_135,9,10232.78,11770.473072016535,M4,13021.04,33.0,13054.04,1283.57
Job_139,0,10439.74,11565.937742885351,M1,12005.04,46.0,12051.04,485.1
Job_139,1,10439.74,11565.937742885351,M0,12051.04,37.0,12088.04,522.1
Job_139,2,10439.74,11565.937742885351,M3,12527.04,61.0,12588.04,1022.1
Job_139,3,10439.74,11565.937742885351,M2,12588.04,13.0,12601.04,1035.1
Job_139,4,10439.74,11565.937742885351,M6,12601.04,32.0,12633.04,1067.1
Job_139,5,10439.74,11565.937742885351,M5,12633.04,21.0,12654.04,1088.1
Job_139,6,10439.74,11565.937742885351,M9,12654.04,32.0,12686.04,1120.1
Job_139,7,10439.74,11565.937742885351,M8,12686.04,89.0,12775.04,1209.1
Job_139,8,10439.74,11565.937742885351,M7,12775.04,30.0,12805.04,1239.1
Job_139,9,10439.74,11565.937742885351,M4,12805.04,55.0,12860.04,1294.1
Job_140,0,10595.63,12054.814094748086,M2,11842.04,31.0,11873.04,0.0
Job_140,1,10595.63,12054.814094748086,M0,11873.04,86.0,11959.04,0.0
Job_140,2,10595.63,12054.814094748086,M1,11959.04,46.0,12005.04,0.0
Job_140,3,10595.63,12054.814094748086,M5,12083.04,74.0,12157.04,102.23
Job_140,4,10595.63,12054.814094748086,M4,12225.04,32.0,12257.04,202.23
Job_140,5,10595.63,12054.814094748086,M6,12257.04,88.0,12345.04,290.23
Job_140,6,10595.63,12054.814094748086,M8,12345.04,19.0,12364.04,309.23
Job_140,7,10595.63,12054.814094748086,M9,12364.04,48.0,12412.04,357.23
Job_140,8,10595.63,12054.814094748086,M7,12412.04,36.0,12448.04,393.23
Job_140,9,10595.63,12054.814094748086,M3,12448.04,79.0,12527.04,472.23
Job_142,0,10861.95,12323.841300860791,M1,11683.04,85.0,11768.04,0.0
Job_142,1,10861.95,12323.841300860791,M0,11768.04,13.0,11781.04,0.0
Job_142,2,10861.95,12323.841300860791,M2,11781.04,61.0,11842.04,0.0
Job_142,3,10861.95,12323.841300860791,M6,11877.04,7.0,11884.04,0.0
Job_142,4,10861.95,12323.841300860791,M8,11896.04,64.0,11960.04,0.0
Job_142,5,10861.95,12323.841300860791,M9,11960.04,76.0,12036.04,0.0
Job_142,6,10861.95,12323.841300860791,M5,12036.04,47.0,12083.04,0.0
Job_142,7,10861.95,12323.841300860791,M3,12083.04,52.0,12135.04,0.0
Job_142,8,10861.95,12323.841300860791,M4,12135.04,90.0,12225.04,0.0
Job_142,9,10861.95,12323.841300860791,M7,12225.04,45.0,12270.04,0.0
Job_143,0,10971.94,12431.124094748087,M2,11520.04,31.0,11551.04,0.0
Job_143,1,10971.94,12431.124094748087,M0,11551.04,86.0,11637.04,0.0
Job_143,2,10971.94,12431.124094748087,M1,11637.04,46.0,11683.04,0.0
Job_143,3,10971.94,12431.124094748087,M5,11683.04,74.0,11757.04,0.0
Job_143,4,10971.94,12431.124094748087,M4,11757.04,32.0,11789.04,0.0
Job_143,5,10971.94,12431.124094748087,M6,11789.04,88.0,11877.04,0.0
Job_143,6,10971.94,12431.124094748087,M8,11877.04,19.0,11896.04,0.0
Job_143,7,10971.94,12431.124094748087,M9,11896.04,48.0,11944.04,0.0
Job_143,8,10971.94,12431.124094748087,M7,11944.04,36.0,11980.04,0.0
Job_143,9,10971.94,12431.124094748087,M3,11980.04,79.0,12059.04,0.0
Job_150,0,11404.04,12473.386414518543,M0,11404.04,29.0,11433.04,0.0
Job_150,1,11404.04,12473.386414518543,M1,11433.04,78.0,11511.04,0.0
Job_150,2,11404.04,12473.386414518543,M2,11511.04,9.0,11520.04,0.0
Job_150,3,11404.04,12473.386414518543,M3,11520.04,36.0,11556.04,0.0
Job_150,4,11404.04,12473.386414518543,M4,11556.04,49.0,11605.04,0.0
Job_150,5,11404.04,12473.386414518543,M5,11605.04,11.0,11616.04,0.0
Job_150,6,11404.04,12473.386414518543,M6,11616.04,62.0,11678.04,0.0
Job_150,7,11404.04,12473.386414518543,M7,11678.04,56.0,11734.04,0.0
Job_150,8,11404.04,12473.386414518543,M8,11734.04,44.0,11778.04,0.0
Job_150,9,11404.04,12473.386414518543,M9,11778.04,21.0,11799.04,0.0
